model,accuracy,precision_spam,recall_spam,f1_spam
linear_svm,0.9791666666666666,0.9790069976674441,0.9793333333333333,0.9791701383102817
logistic_regression,0.974,0.970393648693351,0.9778333333333333,0.9740992860700648
naive_bayes,0.9634166666666667,0.9773390557939914,0.9488333333333333,0.9628752642706131
