length,url_count,exclamation_count,dollar_count,uppercase_ratio,label
1421,0,0,3,0.034458509142053444,0
797,0,2,0,0.05137844611528822,0
1653,0,2,0,0.05562273276904474,0
1044,0,0,0,0.05837320574162679,0
938,0,2,0,0.04579339723109691,0
661,0,2,0,0.04833836858006042,0
1220,0,2,0,0.04176904176904177,0
1052,0,2,0,0.05128205128205128,0
5874,0,3,0,0.023829787234042554,0
747,0,1,0,0.07085561497326204,0
476,0,1,0,0.07547169811320754,0
933,0,1,0,0.05139186295503212,0
1034,0,0,0,0.04830917874396135,0
1437,0,0,0,0.05354659248956885,0
4484,0,1,0,0.02073578595317726,0
583,0,0,0,0.10102739726027397,0
1118,0,2,0,0.05719392314566577,0
790,0,0,0,0.11125158027812895,0
355,0,2,0,0.09269662921348315,0
472,0,0,0,0.07610993657505286,0
402,0,2,0,0.09429280397022333,0
1398,0,0,0,0.056468906361686916,0
1554,0,1,0,0.059163987138263666,0
882,0,5,0,0.11664779161947905,0
866,0,0,0,0.0784313725490196,0
2373,0,0,0,0.02443133951137321,0
1259,0,0,0,0.06507936507936508,0
307,0,0,0,0.06168831168831169,0
513,0,0,0,0.042801556420233464,0
2827,0,0,0,0.048797736916548796,0
361,0,0,0,0.019337016574585635,0
830,0,0,0,0.05535499398315283,0
298,0,0,0,0.08695652173913043,0
233,0,0,0,0.13675213675213677,0
612,0,1,0,0.053833605220228384,0
859,0,1,0,0.08139534883720931,0
2643,0,0,0,0.042738275340393345,0
1814,0,1,0,0.07603305785123966,0
1431,0,0,0,0.055865921787709494,0
1001,0,0,0,0.04890219560878244,0
518,0,0,0,0.04046242774566474,0
328,0,0,0,0.04559270516717325,0
2173,0,0,0,0.08509659613615456,0
1048,0,0,0,0.05910390848427073,0
844,0,0,0,0.036686390532544376,0
141,0,0,0,0.056338028169014086,0
986,0,0,0,0.06889564336372847,0
1117,0,0,0,0.04114490161001789,0
513,0,0,0,0.08171206225680934,0
4447,0,0,1,0.03035071942446043,0
301,0,0,0,0.08940397350993377,0
1145,0,0,2,0.24520069808027922,0
832,0,0,0,0.05042016806722689,0
683,0,0,0,0.05116959064327485,0
146,0,0,0,0.08163265306122448,0
450,0,2,0,0.10864745011086474,0
1152,0,0,0,0.04336513443191674,0
850,0,0,0,0.04700352526439483,0
1005,0,3,0,0.055666003976143144,0
555,0,0,0,0.048561151079136694,0
2641,0,1,0,0.07342922028766086,0
1339,0,0,0,0.0962686567164179,0
1039,0,0,0,0.08365384615384615,0
4471,0,4,0,0.1381932021466905,0
142,0,0,0,0.0,0
563,0,1,0,0.10638297872340426,0
2275,0,2,0,0.035588752196836555,0
4402,0,0,0,0.019986372927549397,0
1128,0,0,0,0.10097431355181577,0
2323,0,0,0,0.0387263339070568,0
336,0,0,0,0.05637982195845697,0
724,0,0,0,0.027586206896551724,0
938,0,0,0,0.024494142705005325,0
3576,0,1,0,0.04640760413754543,0
322,0,0,0,0.030959752321981424,0
198,0,0,0,0.10552763819095477,0
3838,0,0,2,0.022662151601979683,0
983,0,0,0,0.0508130081300813,0
362,0,1,0,0.03581267217630854,0
556,0,0,0,0.05745062836624776,0
1868,0,2,0,0.04654895666131621,0
274,0,0,0,0.04363636363636364,0
729,0,0,0,0.03287671232876712,0
584,0,0,0,0.07008547008547009,0
1144,0,0,0,0.045414847161572056,0
296,0,0,0,0.12794612794612795,0
4364,0,8,0,0.030927835051546393,0
1097,0,0,0,0.09562841530054644,0
1644,0,0,0,0.034650455927051675,0
976,0,0,0,0.08085977482088025,0
1460,0,0,0,0.10130047912388775,0
493,0,0,0,0.06680161943319839,0
956,0,0,0,0.07210031347962383,0
1356,0,0,0,0.21739130434782608,0
442,0,0,0,0.07900677200902935,0
1598,0,0,0,0.14571607254534083,0
385,0,0,0,0.12176165803108809,0
2469,0,0,0,0.05668016194331984,0
995,0,0,0,0.11646586345381527,0
653,0,0,0,0.045871559633027525,0
1113,0,1,0,0.05026929982046679,0
378,0,0,0,0.14511873350923482,0
1072,0,0,0,0.05871388630009319,0
1241,0,0,0,0.04911433172302738,0
1057,0,0,0,0.046313799621928164,0
642,0,0,0,0.06687402799377916,0
1470,0,0,1,0.04486743711760707,0
866,0,0,0,0.05190311418685121,0
1928,0,0,0,0.058061171591498185,0
596,0,0,0,0.08207705192629816,0
1041,0,0,3,0.04990403071017274,0
1124,0,0,0,0.08088888888888889,0
1523,0,0,0,0.04461942257217848,0
930,0,3,0,0.06766917293233082,0
1239,0,5,0,0.075,0
626,0,2,0,0.08293460925039872,0
1689,0,2,0,0.0485207100591716,0
1187,0,4,0,0.07154882154882154,0
1509,0,2,0,0.04304635761589404,0
742,0,2,0,0.04845222072678331,0
648,0,4,0,0.060092449922958396,0
997,0,12,0,0.05911823647294589,0
732,0,7,1,0.0504774897680764,0
576,0,3,0,0.08665511265164645,0
1070,0,0,0,0.05228758169934641,0
1074,0,2,0,0.053023255813953486,0
359,0,5,0,0.09166666666666666,0
2427,0,0,7,0.03706754530477759,0
634,0,0,0,0.05669291338582677,0
1878,0,0,0,0.047897817988291645,0
1073,0,8,3,0.05865921787709497,0
1030,0,5,0,0.058195926285160036,0
923,0,5,0,0.07575757575757576,0
753,0,11,0,0.07957559681697612,0
1088,0,11,0,0.06795224977043159,0
243,0,0,0,0.06557377049180328,0
442,0,0,0,0.060948081264108354,0
1440,0,0,0,0.03678001387925052,0
316,0,1,0,0.08832807570977919,0
246,0,1,0,0.08097165991902834,0
202,0,1,2,0.11822660098522167,0
245,0,1,3,0.08943089430894309,0
147,0,0,0,0.10135135135135136,0
243,0,0,0,0.06147540983606557,0
222,0,0,0,0.07174887892376682,0
176,0,0,0,0.07344632768361582,0
185,0,0,0,0.07526881720430108,0
168,0,0,0,0.0650887573964497,0
193,0,0,0,0.05670103092783505,0
701,0,0,0,0.0754985754985755,0
1024,0,0,0,0.04878048780487805,0
589,0,0,0,0.061016949152542375,0
4477,0,2,3,0.03148727110317106,0
2008,0,2,0,0.041811846689895474,0
448,0,0,0,0.08908685968819599,0
4429,0,3,0,0.026636568848758466,0
2152,0,3,0,0.03483511379470506,0
4135,0,2,1,0.03868471953578337,0
1693,0,3,0,0.03128689492325856,0
1850,0,2,0,0.041058887088060506,0
1730,0,2,0,0.03755054881571346,0
1042,0,3,0,0.09971236816874401,0
649,0,0,0,0.08307692307692308,0
2317,0,0,0,0.013805004314063849,0
2444,0,4,0,0.05562372188139059,0
17633,0,6,8,0.08619711920154248,0
631,0,5,0,0.058544303797468354,0
510,0,0,0,0.0958904109589041,0
900,0,0,0,0.06326304106548279,0
335,0,2,0,0.08333333333333333,0
770,0,2,0,0.054474708171206226,0
1484,0,2,0,0.037037037037037035,0
703,0,2,0,0.0625,0
1755,0,2,0,0.0387243735763098,0
918,0,2,0,0.062023939064200215,0
626,0,3,0,0.08931419457735247,0
3535,0,2,0,0.02092760180995475,0
2062,0,2,0,0.041202132816286964,0
3320,0,2,0,0.0349292381812707,0
4491,0,2,0,0.02804986642920748,0
2927,0,2,0,0.030737704918032786,0
6904,0,2,0,0.02664735698769008,0
3623,0,2,0,0.03200883002207505,0
2245,0,2,0,0.04140694568121104,0
685,0,2,0,0.0597667638483965,0
2521,0,2,0,0.033703409992069784,0
2462,0,2,0,0.03978887535525782,0
1490,0,2,0,0.034875922199865864,0
972,0,4,2,0.05447070914696814,0
4217,0,0,0,0.02678994784257942,0
765,0,0,0,0.01174934725848564,0
1353,0,0,0,0.03766617429837518,0
138,0,1,0,0.04316546762589928,0
729,0,2,0,0.06986301369863014,0
980,0,3,0,0.053007135575942915,0
486,0,2,0,0.13552361396303902,0
548,0,2,0,0.13114754098360656,0
683,0,0,0,0.05555555555555555,0
461,0,5,0,0.08441558441558442,0
1229,0,0,0,0.05934959349593496,0
456,0,0,0,0.09409190371991247,0
668,0,0,2,0.06726457399103139,0
354,0,0,1,0.07887323943661972,0
1413,0,0,1,0.04950495049504951,0
787,0,0,0,0.12055837563451777,0
706,0,0,0,0.09900990099009901,0
715,0,0,0,0.09636871508379888,0
813,0,0,1,0.06388206388206388,0
765,0,0,0,0.0783289817232376,0
1077,0,0,0,0.07050092764378478,0
497,0,0,0,0.09236947791164658,0
1554,0,0,0,0.0752411575562701,0
2247,0,0,0,0.05693950177935943,0
1113,0,0,0,0.06642728904847396,0
644,0,0,0,0.05581395348837209,0
1369,0,2,0,0.058394160583941604,0
1047,0,0,1,0.05534351145038168,0
622,0,3,1,0.05778491171749599,0
603,0,0,0,0.076158940397351,0
646,0,0,1,0.07264296754250386,0
756,0,0,0,0.07926023778071334,0
351,0,0,0,0.11079545454545454,0
2981,0,8,0,0.038900067069081154,0
1447,0,2,10,0.0531767955801105,0
7481,0,2,3,0.023523122159850307,0
629,0,2,0,0.05714285714285714,0
579,0,2,0,0.08793103448275862,0
1149,0,2,0,0.050434782608695654,0
2390,0,2,0,0.028858218318695106,0
1425,0,2,0,0.04978962131837307,0
816,0,0,0,0.033047735618115054,0
2671,0,2,0,0.037050898203592815,0
2731,0,3,1,0.04026354319180088,0
1702,0,4,1,0.03464474456840869,0
2252,0,5,1,0.04172214824678207,0
337,0,0,0,0.15384615384615385,0
338,0,0,0,0.08849557522123894,0
975,0,2,0,0.05737704918032787,0
1051,0,6,0,0.057034220532319393,0
2729,0,4,1,0.04322344322344322,0
1082,0,4,1,0.05355493998153278,0
1004,0,4,1,0.051741293532338306,0
495,0,4,0,0.09274193548387097,0
1722,0,2,0,0.0412071967498549,0
664,0,4,1,0.05413533834586466,0
862,0,4,0,0.04866743916570104,0
3020,0,3,0,0.039059913935782856,0
226,0,2,0,0.15859030837004406,0
493,0,0,0,0.11133603238866396,0
2652,0,2,0,0.03354692800603091,0
4477,0,3,0,0.06833407771326486,0
575,0,0,0,0.08159722222222222,0
2185,0,0,0,0.032479414455626715,0
3438,0,1,0,0.028205873800523407,0
1839,0,4,0,0.03804347826086957,0
695,0,0,0,0.05603448275862069,0
537,0,0,0,0.02973977695167286,0
861,0,0,0,0.15893271461716937,0
312,0,0,0,0.03514376996805112,0
555,0,0,0,0.048561151079136694,0
5527,0,0,0,0.028581765557163533,0
307,0,0,0,0.06493506493506493,0
467,0,0,1,0.023504273504273504,0
774,0,0,0,0.05935483870967742,0
34859,0,4,1,0.02759609868043603,0
902,0,0,0,0.029900332225913623,0
543,0,0,0,0.06433823529411764,0
1339,0,2,0,0.07164179104477612,0
1360,0,1,0,0.19250551065393093,0
819,0,0,0,0.07560975609756097,0
10868,0,3,1,0.026221363510902568,0
1338,0,0,0,0.041075429424943986,0
737,0,0,0,0.06097560975609756,0
1511,0,0,0,0.04034391534391534,0
442,0,1,0,0.0654627539503386,0
379,0,0,0,0.13157894736842105,0
933,0,0,1,0.06745182012847965,0
1005,0,0,0,0.039761431411530816,0
613,0,0,0,0.04723127035830619,0
2764,0,3,0,0.05714285714285714,0
680,0,0,0,0.05433186490455213,0
1903,0,0,0,0.0782563025210084,0
1587,0,0,1,0.06297229219143577,0
1044,0,0,0,0.08803827751196172,0
665,0,0,0,0.04804804804804805,0
831,0,0,0,0.04807692307692308,0
634,0,0,0,0.03779527559055118,0
934,0,1,0,0.051336898395721926,0
733,0,0,0,0.04495912806539509,0
423,0,1,0,0.05188679245283019,0
1382,0,0,0,0.04049168474331164,0
1763,0,0,0,0.03571428571428571,0
2189,0,3,1,0.0365296803652968,0
644,0,2,0,0.07751937984496124,0
1568,0,2,0,0.03824091778202677,0
427,0,0,0,0.07710280373831775,0
382,0,3,0,0.04177545691906005,0
929,0,0,0,0.02795698924731183,0
1099,0,0,0,0.025454545454545455,0
1564,0,0,0,0.08881789137380192,0
754,0,0,0,0.04768211920529802,0
16171,0,1,27,0.03895622062824635,0
2139,0,0,0,0.044859813084112146,0
1613,0,0,0,0.03345724907063197,0
13880,0,0,3,0.04408904257618327,0
689,0,0,0,0.05217391304347826,0
334,0,0,0,0.056716417910447764,0
586,0,3,0,0.030664395229982964,0
745,0,0,0,0.058981233243967826,0
427,0,0,0,0.0630841121495327,0
528,0,3,0,0.03969754253308128,0
856,0,0,0,0.022170361726954493,0
387,0,0,0,0.04639175257731959,0
1418,0,0,1,0.0204369274136716,0
2078,0,0,0,0.022607022607022607,0
407,0,0,0,0.04411764705882353,0
3391,0,0,0,0.05306603773584906,0
3180,0,0,0,0.02452059100911663,0
5690,0,0,0,0.01845018450184502,0
511,0,2,0,0.03515625,0
2764,0,1,0,0.06148282097649186,0
917,0,0,0,0.023965141612200435,0
10585,0,0,1,0.03381825051955413,0
2524,0,1,0,0.0502970297029703,0
1434,0,0,0,0.05226480836236934,0
900,0,0,0,0.05549389567147614,0
1240,0,0,0,0.045124899274778404,0
1762,0,0,0,0.036301758366420876,0
575,0,0,0,0.05555555555555555,0
1350,0,0,0,0.04515173945225759,0
1519,0,0,0,0.028289473684210528,0
650,0,0,0,0.015360983102918587,0
288,0,3,0,0.04152249134948097,0
1047,0,3,0,0.04389312977099236,0
254,0,0,0,0.06666666666666667,0
229,0,0,0,0.08260869565217391,0
922,0,1,0,0.04875406283856988,0
728,0,0,0,0.04252400548696845,0
1167,0,0,0,0.02910958904109589,0
6146,0,0,2,0.026028957214901578,0
377,0,0,0,0.09788359788359788,0
930,0,0,0,0.05155746509129968,0
1589,0,1,0,0.0389937106918239,0
781,0,1,0,0.0639386189258312,0
858,0,1,0,0.048894062863795114,0
324,0,0,0,0.036923076923076927,0
1089,0,0,0,0.047706422018348627,0
550,0,0,0,0.06352087114337568,0
449,0,0,0,0.04,0
673,0,0,0,0.03857566765578635,0
1510,0,0,0,0.02382528127068167,0
1548,0,1,0,0.045836023240800515,0
1429,0,0,0,0.03076923076923077,0
418,0,0,0,0.021479713603818614,0
838,0,1,0,0.05125148986889154,0
3277,0,0,0,0.046674801708358755,0
98,0,0,0,0.1717171717171717,0
319,0,0,0,0.04375,0
563,0,0,0,0.051418439716312055,0
834,0,0,0,0.033532934131736525,0
706,0,0,0,0.05799151343705799,0
136,0,0,0,0.058394160583941604,0
1501,0,2,0,0.035286284953395475,0
1189,0,0,0,0.029411764705882353,0
502,0,0,0,0.03180914512922465,0
1464,0,0,0,0.08122866894197953,0
1769,0,2,0,0.05875706214689266,0
425,0,0,0,0.035211267605633804,0
877,0,0,0,0.07972665148063782,0
549,0,1,0,0.03090909090909091,0
7037,0,0,0,0.027564649048025008,0
694,0,1,0,0.05467625899280575,0
506,0,0,0,0.07692307692307693,0
1052,0,1,0,0.03513770180436847,0
57,0,0,0,0.017241379310344827,0
650,0,1,0,0.03225806451612903,0
1038,0,0,0,0.08565928777670838,0
598,0,0,1,0.045075125208681135,0
654,0,0,0,0.044274809160305344,0
6178,0,3,0,0.046771322220424016,0
1007,0,0,0,0.041666666666666664,0
1053,0,0,0,0.056925996204933584,0
1195,0,0,0,0.033444816053511704,0
814,0,0,0,0.06134969325153374,0
1304,0,0,1,0.045210727969348656,0
1151,0,0,0,0.06336805555555555,0
380,0,0,0,0.11548556430446194,0
1707,0,1,0,0.028688524590163935,0
223,0,0,0,0.049107142857142856,0
482,0,0,0,0.045548654244306416,0
1503,0,0,16,0.032579787234042555,0
671,0,0,0,0.041666666666666664,0
1188,0,0,0,0.045416316232127836,0
1250,0,0,0,0.04316546762589928,0
698,0,0,0,0.04005722460658083,0
630,0,1,0,0.08399366085578447,0
3744,0,1,1,0.05420560747663551,0
539,0,1,0,0.0962962962962963,0
748,0,2,0,0.037383177570093455,0
1282,0,3,0,0.048324240062353856,0
787,0,0,0,0.03553299492385787,0
262,0,0,0,0.04182509505703422,0
5247,0,0,0,0.020579268292682928,0
748,0,0,0,0.04539385847797063,0
1157,0,0,0,0.025906735751295335,0
442,0,0,0,0.05869074492099323,0
588,0,0,2,0.07130730050933787,0
816,0,0,0,0.03427172582619339,0
1022,0,3,0,0.09481915933528837,0
317,0,0,0,0.0440251572327044,0
3652,0,0,1,0.041609635915685735,0
4106,0,2,0,0.03676649622595569,0
142,0,0,0,0.16083916083916083,0
174,0,1,0,0.08571428571428572,0
4366,0,2,0,0.038699335928555074,0
3334,0,2,0,0.051574212893553226,0
864,0,0,0,0.04971098265895954,0
4692,0,0,0,0.030683997443000214,0
1961,0,0,0,0.022426095820591234,0
2436,0,2,0,0.024620434961017644,0
3414,0,0,0,0.03279648609077599,0
879,0,0,0,0.042045454545454546,0
102,0,0,0,0.04854368932038835,0
1108,0,0,0,0.04508566275924256,0
1238,0,1,0,0.02744148506860371,0
3757,0,0,0,0.041511442256519426,0
1351,0,0,0,0.04807692307692308,0
396,0,1,0,0.0654911838790932,0
181,0,0,0,0.01098901098901099,0
758,0,0,0,0.03293807641633729,0
3054,0,0,0,0.018657937806873977,0
1296,0,0,0,0.03546646106399383,0
348,0,0,0,0.0659025787965616,0
988,0,0,0,0.043478260869565216,0
688,0,0,0,0.04354136429608128,0
265,0,0,0,0.03383458646616541,0
604,0,0,0,0.07603305785123966,0
1080,0,0,0,0.036077705827937095,0
589,0,0,0,0.020338983050847456,0
952,0,0,0,0.1080797481636936,0
3285,0,1,0,0.0386488131466829,0
1381,0,0,0,0.05065123010130246,0
151,0,0,0,0.05921052631578947,0
460,0,0,0,0.05422993492407809,0
1014,0,0,0,0.04532019704433497,0
3625,0,2,0,0.03667953667953668,0
598,0,0,0,0.05509181969949917,0
1936,0,0,0,0.04439855446566856,0
7924,0,0,1,0.0734384858044164,0
3623,0,0,0,0.043874172185430466,0
6960,0,0,1,0.030024421778480102,0
916,0,0,0,0.022900763358778626,0
7127,0,0,0,0.016133557800224466,0
2026,0,1,0,0.02713369511593488,0
878,0,0,0,0.030716723549488054,0
1858,0,0,0,0.022592791823561054,0
1635,0,0,0,0.03973105134474328,0
437,0,0,0,0.03881278538812785,0
1838,0,0,0,0.01957585644371941,0
252,0,0,0,0.02766798418972332,0
1175,0,0,0,0.031462585034013606,0
1987,0,3,0,0.026156941649899398,0
749,0,0,0,0.09466666666666666,0
1229,0,0,0,0.022764227642276424,0
343,0,0,0,0.055232558139534885,0
1137,0,0,0,0.028119507908611598,0
1646,0,0,0,0.023679417122040074,0
305,0,1,0,0.05228758169934641,0
122,0,0,0,0.06504065040650407,0
412,0,0,0,0.0387409200968523,0
1318,0,0,0,0.027293404094010616,0
379,0,0,0,0.07368421052631578,0
715,0,1,0,0.03212290502793296,0
2361,0,1,0,0.01989839119390347,0
3089,0,1,0,0.021359223300970873,0
1169,0,0,0,0.07521367521367521,0
3506,0,1,0,0.04932991160536071,0
1419,0,0,0,0.05352112676056338,0
3826,0,1,0,0.04807943558923439,0
562,0,0,0,0.03197158081705151,0
4689,0,1,0,0.05415778251599147,0
383,0,3,0,0.059895833333333336,0
1347,0,0,0,0.02225519287833828,0
4061,0,1,0,0.05711472181191531,0
1621,0,0,0,0.040690505548705305,0
1943,0,0,0,0.041666666666666664,0
1590,0,0,0,0.0295411690760528,0
1282,0,0,0,0.01636788776305534,0
394,0,0,0,0.060759493670886074,0
709,0,0,0,0.10845070422535211,0
562,0,1,0,0.04262877442273535,0
747,0,1,0,0.07754010695187166,0
1236,0,0,0,0.0274858528698464,0
2279,0,0,0,0.017543859649122806,0
672,0,0,0,0.02823179791976226,0
967,0,0,0,0.04338842975206612,0
1211,0,0,0,0.033003300330033,0
2767,0,0,0,0.020953757225433526,0
483,0,0,0,0.03925619834710744,0
145,0,0,0,0.06164383561643835,0
2459,0,0,0,0.025609756097560974,0
1068,0,0,0,0.0411599625818522,0
1196,0,0,0,0.02756892230576441,0
791,0,0,0,0.047979797979797977,0
969,0,0,0,0.021649484536082474,0
784,0,0,0,0.04331210191082802,0
268,0,0,0,0.07434944237918216,0
546,0,0,0,0.04936014625228519,0
513,0,0,0,0.10700389105058365,0
797,0,0,0,0.042606516290726815,0
625,0,0,0,0.03354632587859425,0
1915,0,0,0,0.04123173277661795,0
2980,0,1,0,0.03555853740355586,0
552,0,0,0,0.03616636528028933,0
518,0,0,0,0.036608863198458574,0
2416,0,0,0,0.03475382705833678,0
309,0,0,0,0.041935483870967745,0
1127,0,0,0,0.02925531914893617,0
515,0,0,0,0.027131782945736434,0
3337,0,0,0,0.03654883163571001,0
857,0,0,0,0.045454545454545456,0
195,0,0,0,0.061224489795918366,0
1654,0,0,0,0.021148036253776436,0
5339,0,0,0,0.05318352059925094,0
1925,0,0,2,0.01973001038421599,0
1645,0,0,0,0.024301336573511544,0
787,0,1,1,0.03426395939086294,0
1028,0,0,0,0.047619047619047616,0
1030,0,1,0,0.0979631425800194,0
872,0,0,0,0.10767468499427263,0
1654,0,1,0,0.07190332326283988,0
1221,0,0,2,0.027823240589198037,0
1609,0,0,0,0.07763975155279502,0
634,0,0,0,0.02204724409448819,0
1010,0,0,0,0.025717111770524232,0
995,0,0,0,0.03313253012048193,0
1084,0,0,0,0.03317972350230415,0
5281,0,2,0,0.03786444528587656,0
367,0,0,0,0.05434782608695652,0
1415,0,0,0,0.06073446327683616,0
1170,0,0,0,0.033304867634500426,0
1152,0,0,0,0.05030355594102342,0
739,0,0,0,0.02702702702702703,0
659,0,0,0,0.03333333333333333,0
7936,0,0,0,0.03099407836714124,0
2986,0,10,0,0.02644794107800469,0
1558,0,0,0,0.06670942912123155,0
1987,0,0,0,0.04225352112676056,0
2124,0,0,0,0.03294117647058824,0
1020,0,0,0,0.04897159647404505,0
6580,0,1,3,0.05044826014283543,0
525,0,1,1,0.07984790874524715,0
593,0,0,0,0.050505050505050504,0
1431,0,0,0,0.06773743016759777,0
7934,0,0,0,0.02003780718336484,0
7978,0,0,0,0.03571876174959268,0
1766,0,0,0,0.02942840973401245,0
270,0,0,0,0.07380073800738007,0
427,0,0,0,0.10747663551401869,0
142,0,0,0,0.04195804195804196,0
329,0,0,0,0.045454545454545456,0
2738,0,0,0,0.025191675794085433,0
609,0,0,0,0.040983606557377046,0
1060,0,0,0,0.0527803958529689,0
1251,0,0,0,0.07667731629392971,0
136,0,0,0,0.0364963503649635,0
40076,0,2,0,0.03395962771664546,0
832,0,1,0,0.015606242496998799,0
982,0,1,0,0.017293997965412006,0
1589,0,1,0,0.016352201257861635,0
213,0,1,0,0.102803738317757,0
223,0,1,0,0.04017857142857143,0
503,0,1,0,0.0496031746031746,0
765,0,1,0,0.010443864229765013,0
3169,0,4,0,0.02996845425867508,0
2047,0,0,0,0.01513671875,0
819,0,1,0,0.007317073170731708,0
2042,0,1,0,0.0680372001957905,0
412,0,0,0,0.024213075060532687,0
6305,0,1,0,0.03615604186489058,0
942,0,0,0,0.04665959703075292,0
170,0,0,0,0.07017543859649122,0
2759,0,2,0,0.04601449275362319,0
1612,0,0,0,0.059516429014259145,0
522,0,0,0,0.08986615678776291,0
1626,0,0,0,0.028272894898586354,0
3927,0,0,0,0.0274949083503055,0
3401,0,0,0,0.02880658436213992,0
2606,0,1,0,0.03682393555811277,0
1410,0,0,0,0.05669737774627923,0
1076,0,0,0,0.060352831940575676,0
6332,0,0,0,0.05810832149060477,0
131,0,1,0,0.12878787878787878,0
3739,0,1,0,0.038502673796791446,0
1948,0,1,0,0.03437660338635198,0
713,0,0,0,0.05322128851540616,0
603,0,0,0,0.04304635761589404,0
1200,0,0,0,0.06577851790174855,0
1285,0,0,0,0.04121306376360809,0
687,0,0,0,0.059593023255813955,0
599,0,0,0,0.04833333333333333,0
1778,0,0,0,0.03035413153456998,0
1853,0,0,0,0.012944983818770227,0
446,0,1,0,0.06711409395973154,0
619,0,0,0,0.035483870967741936,0
554,0,0,0,0.07927927927927927,0
549,0,0,0,0.03272727272727273,0
1361,0,0,1,0.05873715124816446,0
318,0,0,0,0.047021943573667714,0
511,0,0,0,0.060546875,0
4383,0,2,1,0.04356751824817518,0
176,0,0,0,0.1016949152542373,0
316,0,1,0,0.03470031545741325,0
332,0,1,0,0.057057057057057055,0
1098,0,0,0,0.020928116469517744,0
1060,0,1,0,0.033930254476908575,0
499,0,0,0,0.08,0
1173,0,1,0,0.04003407155025554,0
3251,0,4,0,0.02029520295202952,0
2503,0,2,0,0.02755591054313099,0
1541,0,3,0,0.028534370946822308,0
662,0,1,0,0.03770739064856712,0
667,0,0,0,0.025449101796407185,0
3629,0,0,0,0.05647382920110193,0
1017,0,0,0,0.0343811394891945,0
1429,0,1,0,0.06433566433566433,0
167,0,0,0,0.13095238095238096,0
1009,0,2,0,0.11089108910891089,0
1298,0,2,0,0.12009237875288684,0
339,0,0,0,0.07647058823529412,0
1298,0,3,0,0.12009237875288684,0
1546,0,3,0,0.14544279250161604,0
836,0,0,0,0.038231780167264036,0
526,0,1,0,0.024667931688804556,0
2834,0,0,0,0.07442680776014109,0
8684,0,47,0,0.036614853195164075,0
704,0,2,0,0.04680851063829787,0
1951,0,0,0,0.036885245901639344,0
844,0,0,0,0.03076923076923077,0
94,0,0,0,0.09473684210526316,0
335,0,0,0,0.07738095238095238,0
596,0,0,0,0.031825795644891124,0
1254,0,0,0,0.046215139442231074,0
820,0,0,0,0.058465286236297195,0
6361,0,0,0,0.03175102169129205,0
404,0,0,0,0.06666666666666667,0
1655,0,0,0,0.05374396135265701,0
366,0,2,0,0.04904632152588556,0
599,0,0,0,0.04666666666666667,0
1793,0,0,0,0.021739130434782608,0
2494,0,0,0,0.01963927855711423,0
1596,0,0,0,0.020663744520976832,0
1542,0,0,0,0.03499675955930007,0
2074,0,0,0,0.02072289156626506,0
1247,0,0,0,0.052884615384615384,0
1020,0,0,0,0.025465230166503428,0
1314,0,0,0,0.022053231939163497,0
525,0,0,0,0.04182509505703422,0
752,0,0,0,0.041168658698539175,0
428,0,0,0,0.05128205128205128,0
1094,0,0,0,0.04018264840182648,0
567,0,0,0,0.09154929577464789,0
410,0,0,0,0.0413625304136253,0
2415,0,0,0,0.03269867549668874,0
2537,0,0,0,0.031126871552403467,0
3113,0,1,0,0.046885035324341684,0
84325,0,0,6,0.01976851742048716,0
834,0,0,0,0.06467065868263473,0
1098,0,0,0,0.052775250227479524,0
356,0,0,0,0.09803921568627451,0
1292,0,0,0,0.03634957463263728,0
103,0,0,0,0.09615384615384616,0
283,0,0,0,0.045774647887323945,0
88009,0,0,6,0.019156913987046928,0
3532,0,0,0,0.032550240588734784,0
2422,0,0,1,0.04085843995047462,0
369,0,0,0,0.08648648648648649,0
1337,0,0,0,0.030642750373692077,0
681,0,0,0,0.060117302052785926,0
1016,0,0,0,0.024582104228121928,0
365,0,0,0,0.08196721311475409,0
742,0,0,0,0.08748317631224764,0
1862,0,0,0,0.031132581857219538,0
726,0,1,0,0.06602475928473177,0
2525,0,1,0,0.06848772763262075,0
350,0,0,0,0.039886039886039885,0
492,0,0,0,0.036511156186612576,0
636,0,0,0,0.03296703296703297,0
688,0,0,0,0.06676342525399129,0
426,0,0,0,0.0351288056206089,0
303,0,1,0,0.04276315789473684,0
429,0,0,0,0.044186046511627906,0
1109,0,0,5,0.05045045045045045,0
595,0,0,0,0.02348993288590604,0
488,0,0,0,0.03885480572597137,0
774,0,1,0,0.04516129032258064,0
1517,0,0,0,0.05204216073781291,0
927,0,0,0,0.05172413793103448,0
737,0,0,0,0.06233062330623306,0
602,0,0,1,0.06467661691542288,0
2558,0,1,1,0.04845642829230168,0
504,0,0,0,0.100990099009901,0
3040,0,1,1,0.059519894771456756,0
1264,0,0,0,0.03162055335968379,0
436,0,0,0,0.08237986270022883,0
3484,0,0,0,0.04160688665710186,0
833,0,0,5,0.05875299760191847,0
607,0,0,0,0.12171052631578948,0
5549,0,0,0,0.04018018018018018,0
12682,0,0,0,0.05456122368524797,0
2212,0,1,0,0.04202440126525079,0
225,0,0,0,0.09734513274336283,0
4772,0,0,0,0.03729310706054892,0
5451,0,0,2,0.03338224504768892,0
1551,0,0,0,0.053479381443298966,0
9018,0,0,2,0.02228628451047788,0
1768,0,0,0,0.023742227247032222,0
1342,0,0,0,0.026061057334326135,0
471,0,0,0,0.05084745762711865,0
651,0,0,0,0.02607361963190184,0
1013,0,0,0,0.04437869822485207,0
2502,0,0,0,0.013583699560527367,0
2362,0,0,0,0.04316546762589928,0
721,0,0,0,0.0332409972299169,0
2466,0,0,0,0.01905147952979327,0
555,0,0,0,0.02158273381294964,0
211,0,0,0,0.07547169811320754,0
262,0,0,0,0.053231939163498096,0
430,0,0,0,0.12064965197215777,0
6051,0,0,0,0.02660277594183741,0
4229,0,0,0,0.03593380614657211,0
6849,0,0,10,0.041605839416058395,0
833,0,0,0,0.05515587529976019,0
779,0,0,3,0.05128205128205128,0
4931,0,1,0,0.02899432278994323,0
210,0,0,0,0.03317535545023697,0
856,0,0,0,0.06417736289381563,0
1223,0,0,0,0.03349673202614379,0
1044,0,0,0,0.027751196172248804,0
345,0,0,0,0.06936416184971098,0
7088,0,1,0,0.0452814219212865,0
5450,0,1,0,0.040176114474408366,0
9232,0,1,0,0.04635546409617676,0
6243,0,0,0,0.028667520819987188,0
660,0,0,0,0.10892586989409984,0
711,0,0,0,0.06741573033707865,0
722,0,0,0,0.06085753803596127,0
1181,0,0,0,0.02707275803722504,0
328,0,0,0,0.0972644376899696,0
390,0,0,0,0.04603580562659847,0
398,0,0,0,0.05263157894736842,0
942,0,0,0,0.06998939554612937,0
626,0,0,0,0.0733652312599681,0
580,0,0,0,0.08261617900172118,0
1426,0,0,0,0.025227750525578137,0
215,0,0,0,0.07407407407407407,0
183,0,0,0,0.059782608695652176,0
2060,0,0,0,0.03784570596797671,0
272,0,0,0,0.06227106227106227,0
476,0,0,0,0.03773584905660377,0
184,0,1,0,0.10270270270270271,0
34935,0,1,0,0.027049461873139453,0
817,0,0,0,0.03667481662591687,0
1543,0,0,0,0.04015544041450777,0
430,0,0,0,0.09280742459396751,0
1342,0,0,0,0.022338049143708117,0
2939,0,0,0,0.024489795918367346,0
2704,0,0,1,0.04066543438077634,0
475,0,0,2,0.04201680672268908,0
510,0,0,0,0.03913894324853229,0
423,0,0,0,0.049528301886792456,0
647,0,0,0,0.015432098765432098,0
2591,0,3,3,0.061342592592592594,0
1184,0,1,0,0.048945147679324896,0
554,0,5,0,0.05765765765765766,0
1435,0,0,0,0.013927576601671309,0
5869,0,0,0,0.02453151618398637,0
5031,0,0,0,0.025238473767885534,0
2392,0,0,0,0.020476389469285417,0
909,0,1,0,0.04285714285714286,0
403,0,0,0,0.05198019801980198,0
1343,0,1,0,0.04017857142857143,0
382,0,0,0,0.04699738903394256,0
253,0,0,0,0.10236220472440945,0
356,0,0,0,0.09803921568627451,0
241,0,1,0,0.04132231404958678,0
901,0,2,0,0.04767184035476718,0
525,0,0,0,0.09125475285171103,0
8396,0,0,8,0.01762534238418483,0
1266,0,0,0,0.041831097079715863,0
497,0,0,0,0.09839357429718876,0
1384,0,1,0,0.03176895306859206,0
2515,0,0,1,0.04848966613672496,0
2919,0,0,0,0.016095890410958904,0
3643,0,0,0,0.01646542261251372,0
2261,0,2,0,0.02961980548187445,0
1446,0,0,0,0.038700760193503804,0
764,0,0,0,0.040522875816993466,0
577,0,0,0,0.06747404844290658,0
935,0,0,0,0.03311965811965812,0
2282,0,0,0,0.023653088042049936,0
600,0,0,0,0.05324459234608985,0
53,0,0,0,0.1111111111111111,0
10661,0,0,1,0.029731757643969237,0
1805,0,0,0,0.021040974529346623,0
1474,0,0,0,0.018983050847457626,0
4336,0,0,0,0.04357851049112289,0
516,0,0,0,0.02321083172147002,0
1189,0,0,0,0.015966386554621848,0
87,0,0,0,0.125,0
2047,0,0,0,0.0302734375,0
562,0,1,0,0.037300177619893425,0
1095,0,0,0,0.04562043795620438,0
1598,0,0,0,0.03814884302689181,0
1398,0,0,0,0.040028591851322376,0
645,0,0,0,0.021671826625386997,0
1429,0,0,0,0.026573426573426574,0
1552,0,0,0,0.038634900193174504,0
567,0,0,0,0.02112676056338028,0
1498,0,0,0,0.01734489659773182,0
675,0,0,0,0.03254437869822485,0
582,0,0,0,0.025728987993138937,0
1360,0,0,0,0.029390154298310066,0
3629,0,1,0,0.032506887052341595,0
2188,0,0,0,0.031521242576518956,0
680,0,1,0,0.049926578560939794,0
6991,0,0,0,0.03589816933638444,0
620,0,0,3,0.08695652173913043,0
1522,0,0,1,0.02757715036112935,0
85,0,0,0,0.05813953488372093,0
7480,0,0,0,0.037561823285657,0
1723,0,1,0,0.03248259860788863,0
279,0,0,0,0.10714285714285714,0
795,0,1,0,0.08793969849246232,0
316,0,0,0,0.07886435331230283,0
833,0,1,3,0.05755395683453238,0
1049,0,1,3,0.06380952380952382,0
692,0,0,0,0.07647907647907648,0
1857,0,0,1,0.02691065662002153,0
787,0,1,0,0.04060913705583756,0
2315,0,0,1,0.039723661485319514,0
657,0,0,0,0.0425531914893617,0
1798,0,1,0,0.0433574207893274,0
368,0,1,0,0.10840108401084012,0
1597,0,0,0,0.06758448060075094,0
1193,0,0,0,0.03936348408710218,0
2226,0,0,0,0.040862146385271664,0
402,0,0,0,0.034739454094292806,0
616,0,0,0,0.04213938411669368,0
457,0,1,0,0.08296943231441048,0
3141,0,2,0,0.039147040101845956,0
1628,0,1,0,0.01841620626151013,0
1239,0,0,0,0.03064516129032258,0
3799,0,1,0,0.026842105263157896,0
456,0,0,0,0.037199124726477024,0
538,0,0,0,0.04638218923933209,0
1526,0,0,0,0.08840864440078586,0
360,0,0,0,0.05817174515235457,0
1940,0,0,0,0.021638330757341576,0
523,0,0,0,0.08969465648854962,0
2219,0,1,0,0.02927927927927928,0
4147,0,3,0,0.05400192864030858,0
487,0,0,0,0.07377049180327869,0
1805,0,0,0,0.02159468438538206,0
514,0,0,0,0.05825242718446602,0
1160,0,0,0,0.0913006029285099,0
915,0,0,0,0.05458515283842795,0
541,0,0,0,0.08671586715867159,0
271,0,1,0,0.08088235294117647,0
352,0,0,0,0.07365439093484419,0
299,0,0,0,0.08333333333333333,0
1739,0,0,0,0.0896551724137931,0
543,0,0,0,0.09375,0
2157,0,0,0,0.03892493049119555,0
3118,0,3,0,0.04232125681308112,0
553,0,0,0,0.04332129963898917,0
134,0,0,0,0.13333333333333333,0
297,0,0,0,0.05704697986577181,0
1593,0,0,0,0.043914680050188205,0
277,0,0,0,0.10431654676258993,0
2281,0,0,2,0.024101665205959685,0
1577,0,0,2,0.032953105196451206,0
436,0,0,0,0.09382151029748284,0
1923,0,0,2,0.0395010395010395,0
955,0,0,0,0.06589958158995816,0
693,0,0,0,0.0936599423631124,0
794,0,0,0,0.026415094339622643,0
1234,0,0,0,0.04129554655870445,0
15476,0,0,0,0.02099890159591652,0
555,0,0,0,0.05755395683453238,0
974,0,0,0,0.06564102564102564,0
2564,0,1,0,0.05224171539961014,0
1497,0,0,0,0.06608811748998665,0
247,0,0,0,0.04838709677419355,0
457,0,0,0,0.03056768558951965,0
726,0,0,0,0.0921595598349381,0
841,0,0,0,0.04275534441805225,0
997,0,0,0,0.06613226452905811,0
562,0,0,0,0.06039076376554174,0
1938,0,1,3,0.02372356884992264,0
1276,0,0,1,0.033672670321064996,0
427,0,0,1,0.04672897196261682,0
791,0,0,0,0.03282828282828283,0
1422,0,0,0,0.025298664792691498,0
318,0,0,0,0.06269592476489028,0
631,0,1,0,0.07278481012658228,0
1416,0,0,4,0.04022582921665491,0
2034,0,0,4,0.04226044226044226,0
2684,0,0,0,0.027932960893854747,0
1680,0,0,0,0.009518143961927425,0
312,0,0,0,0.038338658146964855,0
2820,0,0,2,0.036511875221552643,0
525,0,0,0,0.02091254752851711,0
573,0,0,0,0.047038327526132406,0
203,0,0,0,0.07352941176470588,0
653,0,0,0,0.04892966360856269,0
867,0,0,0,0.052995391705069124,0
925,0,1,0,0.08855291576673865,0
1014,0,1,0,0.059113300492610835,0
543,0,1,0,0.08639705882352941,0
1473,0,1,0,0.06105834464043419,0
2257,0,1,7,0.05934455270150576,0
873,0,1,0,0.05263157894736842,0
493,0,1,0,0.09716599190283401,0
1050,0,1,0,0.06374881065651761,0
952,0,3,2,0.04197271773347324,0
19691,0,0,7,0.05393053016453382,0
1547,0,0,0,0.041343669250646,0
452,0,0,0,0.09933774834437085,0
21048,0,0,7,0.05221150648486864,0
611,0,0,0,0.07352941176470588,0
20355,0,0,7,0.05423462369817253,0
1539,0,1,0,0.07077922077922078,0
5437,0,0,0,0.02887090842221405,0
1534,0,0,0,0.019543973941368076,0
1224,0,0,0,0.02857142857142857,0
6385,0,2,0,0.03131850923896023,0
37825,0,4,2,0.027150637127901445,0
12667,0,2,0,0.030154720555730975,0
960,0,0,0,0.062434963579604576,0
1178,0,0,4,0.056827820186598814,0
627,0,0,0,0.030254777070063694,0
1150,0,0,0,0.046046915725456126,0
2256,0,0,0,0.034559149313247675,0
758,0,0,0,0.06719367588932806,0
1471,0,0,0,0.033967391304347824,0
886,0,1,0,0.04284103720405862,0
1062,0,0,0,0.04797742238946378,0
714,0,0,0,0.06013986013986014,0
1036,0,0,0,0.033751205400192864,0
1770,0,2,3,0.038396386222473176,0
2364,0,3,5,0.03763213530655391,0
833,0,0,0,0.03836930455635491,0
6487,0,4,42,0.029593094944512947,0
382,0,0,0,0.07571801566579635,0
1034,0,0,0,0.03768115942028986,0
656,0,0,0,0.0684931506849315,0
1437,0,1,12,0.03477051460361613,0
2383,0,1,13,0.04236577181208054,0
1370,0,0,0,0.04522246535375638,0
2420,0,1,14,0.033044196612969846,0
1052,0,0,1,0.05128205128205128,0
2347,0,0,1,0.04258943781942078,0
1553,0,0,0,0.03796653796653797,0
1988,0,0,0,0.036701860231272,0
1077,0,0,0,0.07792207792207792,0
795,0,0,0,0.10175879396984924,0
1504,0,0,0,0.07906976744186046,0
3893,0,0,0,0.06189008731381613,0
804,0,2,0,0.031055900621118012,0
582,0,2,0,0.04288164665523156,0
510,0,0,0,0.043052837573385516,0
683,0,0,0,0.05116959064327485,0
412,0,0,0,0.043583535108958835,0
1302,0,1,2,0.042977743668457406,0
621,0,0,1,0.04983922829581994,0
1184,0,0,2,0.02869198312236287,0
824,0,0,2,0.03515151515151515,0
495,0,0,1,0.05040322580645161,0
726,0,0,2,0.030261348005502064,0
405,0,0,3,0.06403940886699508,0
818,0,0,3,0.026862026862026864,0
1376,0,1,6,0.053013798111837325,0
492,0,0,4,0.0486815415821501,0
887,0,0,0,0.060810810810810814,0
1170,0,0,0,0.05038428693424424,0
534,0,0,0,0.04299065420560748,0
2021,0,0,0,0.040059347181008904,0
890,0,0,3,0.0707070707070707,0
434,0,0,0,0.06436781609195402,0
719,0,1,2,0.05416666666666667,0
916,0,0,1,0.06543075245365322,0
740,0,0,0,0.04048582995951417,0
857,0,0,0,0.04312354312354312,0
1290,0,0,1,0.052672347017815646,0
1027,0,0,0,0.037937743190661476,0
1200,0,0,0,0.05745212323064113,0
1613,0,0,0,0.03407682775712516,0
785,0,0,0,0.03307888040712468,0
1512,0,0,0,0.04296100462656973,0
1631,0,0,2,0.11580882352941177,0
630,0,0,0,0.042789223454833596,0
1001,0,0,0,0.05788423153692615,0
1030,0,0,0,0.03200775945683802,0
1384,0,0,0,0.038267148014440436,0
1002,0,0,0,0.03988035892323031,0
715,0,0,0,0.040502793296089384,0
2074,0,0,0,0.02216867469879518,0
701,0,0,0,0.045584045584045586,0
1459,0,0,0,0.03356164383561644,0
762,0,0,0,0.028833551769331587,0
656,0,0,0,0.0578386605783866,0
1114,0,0,0,0.04125560538116592,0
2144,0,0,0,0.04382284382284382,0
1074,0,0,0,0.044651162790697675,0
1581,0,0,0,0.03982300884955752,0
933,0,0,2,0.061027837259100645,0
1114,0,0,0,0.03587443946188341,0
1337,0,0,0,0.026158445440956652,0
1512,0,0,17,0.0449438202247191,0
1720,0,0,0,0.04706565950029053,0
337,0,0,0,0.0650887573964497,0
932,0,0,0,0.07395498392282958,0
373,0,0,0,0.045454545454545456,0
454,0,0,2,0.08131868131868132,0
1194,0,0,14,0.05188284518828452,0
2533,0,0,0,0.032754538279400155,0
476,0,1,0,0.041928721174004195,0
288,0,1,0,0.0657439446366782,0
754,0,3,0,0.06357615894039735,0
1008,0,3,0,0.05946481665014866,0
1461,0,4,0,0.06292749658002736,0
949,0,1,0,0.05368421052631579,0
897,0,2,0,0.0645879732739421,0
1353,0,3,0,0.045051698670605614,0
1321,0,3,0,0.046142208774583963,0
1962,0,1,0,0.05043301069791136,0
1072,0,3,0,0.04193849021435228,0
2808,0,2,0,0.05019579921680313,0
889,0,1,0,0.052808988764044947,0
2910,0,1,0,0.03400893163861216,0
3541,0,2,0,0.029079616036137776,0
1390,0,1,0,0.029475197699496764,0
1131,0,2,2,0.046819787985865724,0
344,0,0,0,0.04057971014492753,0
3680,0,2,0,0.05813637598478674,0
301,0,1,0,0.026490066225165563,0
439,0,2,0,0.07045454545454545,0
795,0,2,0,0.05527638190954774,0
732,0,0,0,0.03956343792633015,0
748,0,0,0,0.04138851802403204,0
1216,0,0,0,0.038619556285949055,0
404,0,0,0,0.08395061728395062,0
1023,0,0,0,0.06640625,0
509,0,0,0,0.07058823529411765,0
442,0,1,1,0.04966139954853273,0
524,0,0,0,0.04,0
1304,0,1,0,0.0367816091954023,0
1210,0,1,0,0.03468208092485549,0
855,0,0,0,0.052570093457943924,0
183,0,0,0,0.059782608695652176,0
613,0,0,0,0.06514657980456026,0
559,0,1,0,0.05,0
788,0,1,0,0.06590621039290241,0
743,0,0,1,0.06854838709677419,0
683,0,0,0,0.019005847953216373,0
1732,0,1,0,0.04385458742065782,0
2110,0,3,0,0.05542396968261488,0
1267,0,0,0,0.032334384858044164,0
1210,0,0,0,0.09496284062758051,0
1121,0,0,0,0.06149732620320856,0
2392,0,0,3,0.08942749686585875,0
862,0,0,0,0.05330243337195829,0
1086,0,0,0,0.05427782888684453,0
645,0,0,1,0.0696594427244582,0
550,0,0,1,0.06170598911070781,0
1130,0,1,1,0.0592396109637489,0
964,0,0,1,0.06321243523316063,0
299,0,0,0,0.06666666666666667,0
2249,0,0,3,0.050222222222222224,0
1133,0,0,1,0.031746031746031744,0
1087,0,0,0,0.043198529411764705,0
629,0,0,1,0.05238095238095238,0
667,0,0,0,0.10179640718562874,0
641,0,0,0,0.06230529595015576,0
886,0,0,0,0.06426155580608793,0
630,0,0,0,0.07448494453248812,0
586,0,0,0,0.05110732538330494,0
756,0,0,0,0.031704095112285335,0
1446,0,1,0,0.026952315134761574,0
1859,0,1,0,0.03655913978494624,0
701,0,1,0,0.05413105413105413,0
560,0,1,0,0.0481283422459893,0
733,0,0,0,0.047683923705722074,0
1347,0,5,0,0.04599406528189911,0
732,0,0,0,0.03819918144611187,0
473,0,0,2,0.05485232067510549,0
995,0,0,3,0.04819277108433735,0
509,0,0,0,0.07254901960784314,0
993,0,0,0,0.05331991951710262,0
679,0,4,0,0.05,0
437,0,2,0,0.05251141552511415,0
385,0,4,0,0.05181347150259067,0
1328,0,5,0,0.0398796087283672,0
422,0,0,0,0.08037825059101655,0
1404,0,1,0,0.03914590747330961,0
363,0,0,0,0.0521978021978022,0
662,0,0,0,0.04072398190045249,0
1236,0,0,0,0.033144704931285365,0
578,0,0,0,0.06044905008635579,0
278,0,0,0,0.08602150537634409,0
353,0,0,0,0.062146892655367235,0
783,0,1,0,0.04591836734693878,0
769,0,0,0,0.05584415584415584,0
1452,0,0,0,0.042670337233310394,0
837,0,0,0,0.06443914081145585,0
378,0,1,0,0.08443271767810026,0
1669,0,0,0,0.05029940119760479,0
2772,0,0,2,0.04507753335737468,0
1024,0,0,0,0.08097560975609756,0
1638,0,0,0,0.05735204392922514,0
2211,0,0,0,0.024412296564195298,0
1759,0,0,15,0.05568181818181818,0
3566,0,0,28,0.06896551724137931,0
2168,0,0,15,0.0516366989396035,0
1489,0,0,13,0.05570469798657718,0
2961,0,0,16,0.04287643484132343,0
1791,0,0,4,0.044642857142857144,0
1663,0,1,2,0.0390625,0
1069,0,3,0,0.04672897196261682,0
470,0,0,0,0.029723991507430998,0
951,0,0,0,0.045168067226890755,0
1072,0,0,0,0.0195712954333644,0
600,0,2,0,0.033277870216306155,0
565,0,2,0,0.04063604240282685,0
1231,0,2,0,0.04301948051948052,0
2828,0,5,0,0.12760692824319547,0
1501,0,0,8,0.13515312916111852,0
335,0,1,0,0.08928571428571429,0
971,0,1,0,0.19958847736625515,0
807,0,0,3,0.0594059405940594,0
1207,0,0,0,0.027317880794701987,0
555,0,0,0,0.06115107913669065,0
868,0,0,0,0.07825086306098965,0
606,0,0,0,0.07742998352553541,0
948,0,0,0,0.03371970495258166,0
541,0,0,0,0.05350553505535055,0
1148,0,0,0,0.033942558746736295,0
534,0,0,0,0.07102803738317758,0
528,0,0,0,0.05860113421550094,0
1496,0,0,14,0.04876419505678023,0
782,0,0,0,0.06768837803320563,0
867,0,0,0,0.04723502304147465,0
1234,0,1,0,0.026720647773279354,0
663,0,0,0,0.0783132530120482,0
2142,0,0,0,0.022865142323845077,0
3430,0,0,0,0.011075488195861264,0
1209,0,0,0,0.048760330578512395,0
1277,0,1,16,0.048513302034428794,0
1564,0,1,0,0.031309904153354634,0
1908,0,1,0,0.03666841278156103,0
1834,0,0,17,0.03487738419618529,0
765,0,1,0,0.048302872062663184,0
528,0,2,0,0.08695652173913043,0
878,0,2,0,0.06143344709897611,0
1153,0,2,0,0.07019064124783363,0
359,0,0,0,0.06388888888888888,0
725,0,0,0,0.11432506887052342,0
360,0,0,0,0.055401662049861494,0
1352,0,0,1,0.04286770140428677,0
555,0,0,0,0.08992805755395683,0
2035,0,0,0,0.04960707269155206,0
955,0,0,1,0.05439330543933055,0
1931,0,0,0,0.05745341614906832,0
518,0,0,0,0.09826589595375723,0
300,0,0,0,0.10299003322259136,0
384,0,0,0,0.033766233766233764,0
632,0,0,2,0.10110584518167456,0
1355,0,0,0,0.08702064896755163,0
1069,0,1,0,0.04672897196261682,0
1178,0,1,0,0.043256997455470736,0
853,0,0,0,0.04918032786885246,0
1032,0,3,0,0.05421103581800581,0
450,0,0,0,0.05321507760532151,0
810,0,2,0,0.059186189889025895,0
966,0,2,0,0.04653567735263702,0
1923,0,2,0,0.04002079002079002,0
898,0,2,0,0.06451612903225806,0
1077,0,0,0,0.055658627087198514,0
1452,0,2,0,0.0440467997247075,0
310,0,0,0,0.08360128617363344,0
878,0,5,0,0.055745164960182024,0
503,0,0,0,0.07738095238095238,0
1927,0,4,0,0.040975103734439834,0
438,0,0,0,0.04783599088838269,0
1528,0,3,0,0.04447351209941138,0
883,0,0,0,0.057692307692307696,0
467,0,0,0,0.05982905982905983,0
969,0,3,0,0.042268041237113405,0
1446,0,4,0,0.042156185210780926,0
529,0,0,0,0.03962264150943396,0
1278,0,0,0,0.04769351055512119,0
372,0,0,0,0.05361930294906166,0
1165,0,2,0,0.038593481989708404,0
440,0,0,0,0.08616780045351474,0
1337,0,0,0,0.03139013452914798,0
912,0,0,0,0.04381161007667032,0
931,0,0,0,0.043991416309012876,0
859,0,0,0,0.04534883720930233,0
1437,0,1,0,0.048678720445062586,0
2555,0,3,0,0.04460093896713615,0
1306,0,0,0,0.030604437643458302,0
1514,0,0,0,0.06930693069306931,0
1675,0,0,0,0.03818615751789976,0
817,0,0,0,0.02689486552567237,0
1381,0,0,0,0.07091172214182344,0
845,0,0,0,0.041371158392434985,0
1338,0,2,0,0.04480955937266617,0
1930,0,3,0,0.04350077679958571,0
2322,0,1,0,0.04993542832544124,0
2036,0,1,2,0.02847324496809033,0
665,0,0,0,0.04954954954954955,0
1536,0,0,0,0.038386467143786594,0
775,0,0,0,0.05798969072164949,0
351,0,0,0,0.045454545454545456,0
805,0,0,0,0.05086848635235732,0
1756,0,0,0,0.025611838360842343,0
570,0,0,0,0.043782837127845885,0
599,0,0,0,0.023333333333333334,0
690,0,0,0,0.06367583212735166,0
587,0,0,0,0.07312925170068027,0
646,0,0,0,0.023183925811437404,0
444,0,0,0,0.08764044943820225,0
747,0,0,0,0.0481283422459893,0
925,0,1,0,0.032397408207343416,0
549,0,0,1,0.06363636363636363,0
706,0,0,1,0.0297029702970297,0
132,0,0,0,0.09022556390977443,0
800,0,0,0,0.039950062421972535,0
960,0,0,0,0.037460978147762745,0
742,0,1,0,0.052489905787348586,0
1106,0,2,0,0.03523035230352303,0
1656,0,0,0,0.04164152082076041,0
3475,0,0,0,0.07278481012658228,0
1344,0,2,0,0.06468401486988848,0
1471,0,2,0,0.04076086956521739,0
697,0,0,0,0.04727793696275072,0
354,0,0,0,0.04225352112676056,0
732,0,0,0,0.0286493860845839,0
1369,0,0,0,0.03576642335766423,0
767,0,0,0,0.049479166666666664,0
1915,0,2,0,0.02870563674321503,0
1099,0,1,0,0.03363636363636364,0
230,0,0,0,0.08658008658008658,0
495,0,0,0,0.04435483870967742,0
853,0,0,0,0.02459016393442623,0
768,0,0,0,0.03901170351105332,0
231,0,0,0,0.04310344827586207,0
847,0,0,0,0.03891509433962264,0
257,0,0,0,0.10465116279069768,0
375,0,0,0,0.09042553191489362,0
754,0,0,0,0.08344370860927153,0
220,0,0,0,0.049773755656108594,0
754,0,0,0,0.052980132450331126,0
739,0,2,0,0.051351351351351354,0
731,0,1,0,0.05737704918032787,0
1353,0,2,0,0.056129985228951254,0
5270,0,1,0,0.030354771390627963,0
955,0,0,0,0.05230125523012552,0
1724,0,1,0,0.05391304347826087,0
1383,0,0,0,0.06719653179190752,0
1371,0,1,0,0.05539358600583091,0
628,0,0,0,0.10651828298887123,0
695,0,0,0,0.08764367816091954,0
340,0,0,0,0.08211143695014662,0
183,0,0,0,0.09239130434782608,0
616,0,0,0,0.06320907617504051,0
478,0,1,0,0.06889352818371608,0
416,0,0,0,0.03836930455635491,0
975,0,0,0,0.0235655737704918,0
587,0,0,0,0.05102040816326531,0
2384,0,2,0,0.044863731656184486,0
1726,0,3,0,0.056745801968731906,0
2393,0,3,0,0.05806182121971595,0
1779,0,1,2,0.04044943820224719,0
2032,0,0,0,0.11264141662567634,0
956,0,0,0,0.07628004179728318,0
675,0,0,0,0.07692307692307693,0
1511,0,3,0,0.04828042328042328,0
1338,0,0,0,0.06646751306945482,0
466,0,2,0,0.04068522483940043,0
818,0,0,0,0.04151404151404151,0
863,0,0,0,0.03819444444444445,0
968,0,0,0,0.030959752321981424,0
840,0,0,0,0.09274673008323424,0
901,0,1,0,0.07760532150776053,0
329,0,1,0,0.06363636363636363,0
1278,0,1,0,0.05003909304143862,0
3468,0,0,0,0.05794176996252522,0
636,0,0,0,0.06907378335949764,0
630,0,0,0,0.060221870047543584,0
863,0,1,0,0.07175925925925926,0
629,0,0,0,0.06031746031746032,0
6051,0,0,0,0.027098479841374753,0
528,0,0,0,0.043478260869565216,0
569,0,1,0,0.0824561403508772,0
597,0,2,0,0.05518394648829431,0
1442,0,2,0,0.0595980595980596,0
1185,0,1,0,0.045531197301854974,0
1263,0,0,0,0.03164556962025317,0
1222,0,1,12,0.05233033524121014,0
1143,0,1,0,0.049825174825174824,0
893,0,1,0,0.050335570469798654,0
1168,0,1,0,0.05902480752780154,0
959,0,1,0,0.06354166666666666,0
1329,0,1,0,0.07443609022556391,0
1686,0,2,0,0.05868405453467694,0
1484,0,2,0,0.07205387205387205,0
569,0,1,0,0.05087719298245614,0
938,0,1,0,0.10436634717784878,0
703,0,1,0,0.07386363636363637,0
1111,0,1,0,0.051258992805755396,0
1251,0,4,2,0.05511182108626198,0
849,0,5,2,0.07764705882352942,0
358,0,1,0,0.07799442896935933,0
1269,0,1,0,0.07007874015748032,0
663,0,1,0,0.07379518072289157,0
914,0,4,2,0.07431693989071038,0
477,0,0,0,0.07531380753138076,0
557,0,0,0,0.05017921146953405,0
482,0,0,0,0.041407867494824016,0
877,0,1,0,0.05694760820045558,0
1945,0,1,0,0.1079136690647482,0
1897,0,1,0,0.0732349841938883,0
1225,0,3,2,0.04812398042414356,0
372,0,2,0,0.08579088471849866,0
439,0,2,0,0.05909090909090909,0
847,0,2,0,0.09905660377358491,0
814,0,3,0,0.08098159509202454,0
699,0,2,0,0.05285714285714286,0
1006,0,2,0,0.044687189672293945,0
540,0,2,0,0.08317929759704251,0
1023,0,2,0,0.1123046875,0
1394,0,4,0,0.06236559139784946,0
961,0,0,0,0.07068607068607069,0
652,0,2,0,0.05819295558958652,0
3416,0,4,0,0.03482587064676617,0
1587,0,2,0,0.1309823677581864,0
989,0,0,0,0.06565656565656566,0
693,0,4,0,0.07492795389048991,0
588,0,2,0,0.06281833616298811,0
1476,0,2,0,0.06567366283006093,0
719,0,2,0,0.07777777777777778,0
805,0,1,0,0.09057071960297766,0
1655,0,2,0,0.04528985507246377,0
2055,0,2,0,0.10603112840466926,0
842,0,2,0,0.04744958481613286,0
1729,0,2,0,0.03872832369942197,0
1046,0,3,3,0.038204393505253106,0
1617,0,2,0,0.042027194066749075,0
919,0,2,0,0.13260869565217392,0
3808,0,5,0,0.03938041480703597,0
549,0,2,0,0.06363636363636363,0
1101,0,2,8,0.07531760435571688,0
1325,0,2,0,0.05279034690799397,0
1048,0,2,0,0.037178265014299335,0
9286,0,2,142,0.04759341014321094,0
566,0,2,0,0.06878306878306878,0
1313,0,7,0,0.03272450532724505,0
1140,0,2,0,0.04557405784399649,0
3125,0,4,0,0.036468330134357005,0
520,0,2,0,0.053742802303262956,0
1756,0,7,0,0.0443938531587934,0
3968,0,9,0,0.03754094230284707,0
703,0,2,0,0.061079545454545456,0
1115,0,1,0,0.04032258064516129,0
897,0,0,0,0.034521158129175944,0
1511,0,0,0,0.03835978835978836,0
2533,0,0,0,0.028808208366219414,0
1413,0,0,0,0.04314002828854314,0
988,0,0,0,0.054600606673407485,0
824,0,0,0,0.05454545454545454,0
1098,0,0,0,0.03821656050955414,0
819,0,1,0,0.05,0
948,0,0,0,0.06006322444678609,0
1122,0,0,0,0.0427426536064114,0
653,0,0,0,0.09327217125382263,0
860,0,0,0,0.03368176538908246,0
504,0,0,0,0.061386138613861385,0
178,0,0,0,0.0782122905027933,0
2163,0,1,0,0.05822550831792976,0
1621,0,1,0,0.0530209617755857,0
435,0,1,2,0.10091743119266056,0
800,0,1,0,0.049937578027465665,0
1314,0,2,0,0.0714828897338403,0
650,0,1,0,0.09984639016897082,0
960,0,1,0,0.037460978147762745,0
1351,0,1,0,0.05251479289940828,0
875,0,0,3,0.0593607305936073,0
677,0,1,0,0.10176991150442478,0
1135,0,2,0,0.10651408450704225,0
698,0,0,2,0.031473533619456366,0
1553,0,0,0,0.039897039897039896,0
745,0,0,0,0.1742627345844504,0
727,0,0,0,0.19505494505494506,0
1117,0,0,0,0.13506261180679785,0
2051,0,0,0,0.02387914230019493,0
1982,0,0,0,0.025214321734745335,0
1154,0,0,0,0.0380952380952381,0
1821,0,0,1,0.04061470911086718,0
428,0,0,0,0.06293706293706294,0
256,0,0,0,0.08949416342412451,0
2025,0,0,0,0.020236920039486673,0
233,0,0,0,0.07264957264957266,0
1239,0,0,0,0.02258064516129032,0
1683,0,0,0,0.027909738717339667,0
1938,0,0,0,0.02475502836513667,0
1260,0,0,0,0.030927835051546393,0
1332,0,1,0,0.11477869467366841,0
645,0,0,0,0.017027863777089782,0
723,0,1,0,0.055248618784530384,0
727,0,3,0,0.07554945054945054,0
1256,0,3,2,0.0477326968973747,0
519,0,1,0,0.07115384615384615,0
653,0,1,0,0.10091743119266056,0
627,0,1,0,0.06687898089171974,0
608,0,3,0,0.0722495894909688,0
1026,0,0,0,0.03992210321324245,0
1089,0,1,0,0.04128440366972477,0
1136,0,1,0,0.052770448548812667,0
1644,0,1,0,0.041945288753799395,0
338,0,0,0,0.08259587020648967,0
1256,0,1,0,0.08035003977724742,0
507,0,1,0,0.12401574803149606,0
842,0,1,1,0.1103202846975089,0
1362,0,1,0,0.04035216434336023,0
647,0,1,0,0.10493827160493827,0
928,0,1,0,0.061356297093649086,0
1506,0,1,0,0.07365627073656271,0
450,0,4,0,0.08647450110864745,0
360,0,1,0,0.08310249307479224,0
771,0,0,1,0.04404145077720207,0
979,0,1,0,0.05714285714285714,0
624,0,0,0,0.0496,0
870,0,1,0,0.0642939150401837,0
1785,0,1,0,0.04647256438969765,0
917,0,1,0,0.06209150326797386,0
888,0,1,0,0.05061867266591676,0
716,0,1,0,0.08089260808926081,0
631,0,1,0,0.07911392405063292,0
378,0,0,0,0.06596306068601583,0
1558,0,0,0,0.026298909557408594,0
2014,0,1,0,0.05905707196029777,0
546,0,0,0,0.054844606946983544,0
769,0,0,1,0.09740259740259741,0
1716,0,0,0,0.0722189866045428,0
1242,0,0,2,0.09090909090909091,0
489,0,0,0,0.07755102040816327,0
1193,0,0,0,0.06281407035175879,0
1699,0,1,0,0.060588235294117644,0
826,0,1,0,0.0471584038694075,0
1457,0,0,0,0.02880658436213992,0
1641,0,2,0,0.09987819732034105,0
2663,0,4,0,0.04504504504504504,0
1895,0,0,0,0.02109704641350211,0
1325,0,0,0,0.049019607843137254,0
667,0,3,2,0.059880239520958084,0
1226,0,0,0,0.05134474327628362,0
2172,0,0,0,0.04509894155545329,0
995,0,0,1,0.04919678714859438,0
719,0,0,0,0.06805555555555555,0
1075,0,0,0,0.03717472118959108,0
421,0,0,0,0.052132701421800945,0
744,0,0,0,0.056375838926174496,0
686,0,0,0,0.06550218340611354,0
940,0,3,2,0.04144527098831031,0
913,0,0,0,0.06455142231947483,0
900,0,0,0,0.048834628190899,0
392,0,0,0,0.05343511450381679,0
841,0,1,0,0.08907363420427554,0
1668,0,0,0,0.12342720191731575,0
439,0,0,0,0.03409090909090909,0
950,0,0,0,0.023133543638275498,0
1152,0,0,0,0.0398959236773634,0
931,0,0,0,0.043991416309012876,0
839,0,2,0,0.023809523809523808,0
801,0,0,0,0.03615960099750624,0
684,0,0,0,0.059854014598540145,0
418,0,1,0,0.0477326968973747,0
1070,0,1,0,0.051353874883286646,0
988,0,1,0,0.027300303336703743,0
849,0,0,0,0.18235294117647058,0
796,0,0,0,0.09284818067754078,0
656,0,0,0,0.0654490106544901,0
557,0,0,0,0.07168458781362007,0
1824,0,0,0,0.03232876712328767,0
939,0,0,0,0.06170212765957447,0
1799,0,0,0,0.056666666666666664,0
2675,0,2,0,0.04895366218236173,0
515,0,0,0,0.06395348837209303,0
579,0,0,0,0.07241379310344828,0
1081,0,0,0,0.05730129390018484,0
185,0,0,0,0.11827956989247312,0
1110,0,1,1,0.0846084608460846,0
696,0,0,0,0.03443328550932568,0
225,0,1,0,0.05752212389380531,0
1292,0,0,0,0.07888631090487239,0
1425,0,0,7,0.04628330995792426,0
1115,0,1,6,0.04390681003584229,0
2446,0,0,1,0.04086636697997548,0
1063,0,1,6,0.045112781954887216,0
1579,0,0,0,0.10569620253164556,0
2394,0,0,1,0.04133611691022965,0
649,0,1,0,0.09076923076923077,0
654,0,0,0,0.04122137404580153,0
836,0,0,0,0.07885304659498207,0
1359,0,1,1,0.04852941176470588,0
3098,0,1,0,0.06550500161342368,0
633,0,0,0,0.07255520504731862,0
703,0,0,0,0.10227272727272728,0
617,0,0,0,0.11165048543689321,0
661,0,0,0,0.12537764350453173,0
1117,0,2,0,0.06440071556350627,0
628,0,0,0,0.08585055643879173,0
5328,0,0,0,0.1848376806155001,0
689,0,1,0,0.057971014492753624,0
1972,0,1,0,0.15103902686264573,0
1123,0,1,0,0.051601423487544484,0
630,0,0,0,0.028526148969889066,0
564,0,0,0,0.04247787610619469,0
897,0,0,0,0.0467706013363029,0
539,0,1,0,0.09444444444444444,0
1200,0,0,0,0.038301415487094086,0
925,0,0,0,0.0734341252699784,0
1032,0,2,0,0.03872216844143272,0
741,0,2,0,0.057951482479784364,0
1028,0,1,0,0.04664723032069971,0
616,0,4,0,0.04538087520259319,0
503,0,1,0,0.09126984126984126,0
761,0,0,1,0.047244094488188976,0
1816,0,0,0,0.02531645569620253,0
2192,0,0,0,0.02781577747378021,0
1090,0,1,1,0.06691109074243813,0
868,0,1,0,0.05868814729574223,0
653,0,1,0,0.06269113149847094,0
920,0,1,0,0.048859934853420196,0
1866,0,1,0,0.048205677557579006,0
2711,0,2,0,0.056784660766961655,0
521,0,1,0,0.06896551724137931,0
5917,0,3,0,0.04765123352483947,0
1432,0,0,0,0.03349616189811584,0
567,0,1,0,0.05985915492957746,0
1038,0,3,0,0.07025986525505294,0
635,0,1,0,0.050314465408805034,0
3278,0,3,0,0.05550472705093016,0
636,0,1,0,0.05180533751962323,0
1631,0,1,0,0.04595588235294118,0
970,0,1,0,0.04943357363542739,0
1202,0,1,0,0.05236907730673317,0
742,0,1,0,0.06460296096904442,0
663,0,0,0,0.04066265060240964,0
2214,0,3,0,0.05417607223476298,0
514,0,0,0,0.04466019417475728,0
1381,0,6,0,0.08104196816208394,0
1685,0,2,0,0.05338078291814947,0
1429,0,0,0,0.05034965034965035,0
900,0,1,0,0.05660377358490566,0
1245,0,2,0,0.045746388443017656,0
1398,0,2,0,0.06075768406004289,0
553,0,1,0,0.07220216606498195,0
926,0,1,0,0.05825242718446602,0
2202,0,7,0,0.07943713118474807,0
868,0,1,0,0.04257767548906789,0
938,0,1,0,0.04898828541001065,0
1302,0,2,0,0.05755947812739831,0
1381,0,2,0,0.049927641099855286,0
616,0,1,0,0.055105348460291734,0
420,0,1,0,0.07838479809976247,0
1051,0,1,0,0.05038022813688213,0
4214,0,0,0,0.035112692763938316,0
761,0,0,0,0.051181102362204724,0
688,0,2,0,0.05079825834542816,0
408,0,0,0,0.06356968215158924,0
522,0,0,0,0.0497131931166348,0
1058,0,0,0,0.06043437204910293,0
1138,0,1,0,0.02897278314310799,0
1694,0,0,0,0.043067846607669616,0
521,0,0,0,0.06130268199233716,0
841,0,0,0,0.043942992874109264,0
1049,0,0,0,0.06952380952380953,0
1430,0,0,3,0.07407407407407407,0
1994,0,0,3,0.06466165413533835,0
697,0,0,0,0.04154727793696275,0
790,0,0,0,0.035398230088495575,0
478,0,0,0,0.05219206680584551,0
839,0,0,0,0.08095238095238096,0
923,0,0,0,0.05411255411255411,0
558,0,0,0,0.046511627906976744,0
808,0,0,0,0.037082818294190356,0
626,0,0,0,0.05582137161084529,0
1163,0,0,0,0.0352233676975945,0
1502,0,0,0,0.04058549567531603,0
1042,0,0,0,0.04218600191754554,0
690,0,0,0,0.03183791606367583,0
1191,0,0,0,0.034395973154362415,0
2754,0,0,0,0.09582577132486389,0
1320,0,0,0,0.0348221044663134,0
754,0,0,0,0.176158940397351,0
771,0,0,0,0.05569948186528497,0
891,0,0,0,0.03587443946188341,0
1778,0,0,0,0.039910061832490164,0
1239,0,0,0,0.043548387096774194,0
1048,0,0,1,0.03145853193517636,0
3144,0,0,0,0.018124006359300476,0
1108,0,0,0,0.028854824165915238,0
5834,0,1,0,0.02964867180805484,0
832,0,0,0,0.04801920768307323,0
1253,0,0,0,0.019936204146730464,0
918,0,0,0,0.04352557127312296,0
4154,0,1,1,0.026474127557160047,0
730,0,0,0,0.060191518467852256,0
2932,0,0,1,0.03886805318786226,0
4426,0,0,0,0.03478653715834651,0
1512,0,0,0,0.054196959682749506,0
1481,0,0,0,0.043184885290148446,0
2527,0,1,0,0.027294303797468354,0
3114,0,0,0,0.03499197431781702,0
1972,0,0,1,0.03395843892549417,0
810,0,0,0,0.04315659679408138,0
2625,0,1,0,0.01942117288651942,0
1426,0,1,0,0.03153468815697267,0
412,0,0,0,0.031476997578692496,0
569,0,1,0,0.08421052631578947,0
591,0,0,0,0.05912162162162162,0
491,0,0,0,0.026422764227642278,0
997,0,0,0,0.02404809619238477,0
1575,0,0,0,0.021573604060913704,0
302,0,0,0,0.0594059405940594,0
1081,0,0,0,0.04251386321626617,0
2467,0,0,0,0.02106969205834684,0
1138,0,0,0,0.030728709394205442,0
2016,0,0,0,0.02478929102627665,0
1213,0,0,2,0.039538714991762765,0
1237,0,0,0,0.0444264943457189,0
1192,0,1,0,0.02179379715004191,0
1249,0,0,2,0.0336,0
580,0,0,0,0.027538726333907058,0
417,0,0,0,0.0430622009569378,0
796,0,0,0,0.028858218318695106,0
1301,0,0,0,0.03609831029185868,0
2652,0,0,0,0.017338861666038447,0
631,0,1,0,0.03955696202531646,0
756,0,0,0,0.013210039630118891,0
3150,0,3,0,0.031735956839098696,0
1171,0,0,0,0.013651877133105802,0
533,0,0,0,0.0299625468164794,0
2575,0,0,1,0.027562111801242236,0
2225,0,1,0,0.017969451931716084,0
1960,0,0,0,0.04436511983681795,0
489,0,0,0,0.022448979591836733,0
710,0,0,0,0.04922644163150492,0
1138,0,0,0,0.038630377524143986,0
1821,0,0,0,0.03512623490669594,0
590,0,0,0,0.025380710659898477,0
743,0,0,0,0.02956989247311828,0
587,0,0,0,0.022108843537414966,0
1117,0,0,0,0.03041144901610018,0
1207,0,0,0,0.059602649006622516,0
1599,0,0,0,0.0325,0
654,0,0,0,0.06412213740458016,0
1664,0,0,0,0.043243243243243246,0
279,0,0,0,0.05357142857142857,0
713,0,0,0,0.029411764705882353,0
423,0,0,0,0.0660377358490566,0
3715,0,1,0,0.02502691065662002,0
1823,0,0,0,0.03179824561403509,0
897,0,0,0,0.01893095768374165,0
604,0,0,0,0.01652892561983471,0
3612,0,1,0,0.03016883476335455,0
924,0,0,0,0.01945945945945946,0
456,0,0,0,0.0437636761487965,0
904,0,0,0,0.01878453038674033,0
195,0,0,0,0.02040816326530612,0
824,0,0,0,0.0496969696969697,0
438,0,0,0,0.04783599088838269,0
690,0,0,0,0.03473227206946455,0
296,0,0,0,0.06734006734006734,0
141,0,0,0,0.04225352112676056,0
300,0,0,0,0.059800664451827246,0
1209,0,0,0,0.024793388429752067,0
984,0,0,0,0.025380710659898477,0
682,0,0,0,0.04685212298682284,0
559,0,0,0,0.044642857142857144,0
431,0,1,0,0.05324074074074074,0
406,0,0,0,0.05405405405405406,0
165,0,0,0,0.060240963855421686,0
450,0,1,0,0.06208425720620843,0
756,0,1,0,0.02509907529722589,0
846,0,1,0,0.02715466351829988,0
1872,0,1,0,0.02829684997330486,0
3552,0,1,0,0.02251618350689558,0
731,0,0,0,0.050546448087431695,0
981,0,0,0,0.02240325865580448,0
966,0,0,0,0.06928645294725956,0
214,0,0,0,0.018604651162790697,0
452,0,1,0,0.04415011037527594,0
577,0,0,0,0.02422145328719723,0
1733,0,1,0,0.05190311418685121,0
10368,0,3,10,0.02623203780499566,0
2646,0,2,0,0.03135625236116358,0
7466,0,5,1,0.033882415963573054,0
2384,0,0,0,0.029350104821802937,0
873,0,0,0,0.02517162471395881,0
600,0,0,0,0.011647254575707155,0
1129,0,1,0,0.01504424778761062,0
2275,0,0,0,0.013620386643233744,0
900,0,1,0,0.018867924528301886,0
469,0,1,0,0.07872340425531915,0
1312,0,1,0,0.014470677837014471,0
1265,0,0,0,0.035545023696682464,0
313,0,0,0,0.08917197452229299,0
686,0,0,0,0.020378457059679767,0
1138,0,0,0,0.013169446883230905,0
265,0,0,0,0.03759398496240601,0
2362,0,1,0,0.01184934405416843,0
547,0,2,0,0.029197080291970802,0
1036,0,2,0,0.041465766634522665,0
2382,0,2,0,0.029794376835921108,0
397,0,1,0,0.032663316582914576,0
338,0,0,0,0.032448377581120944,0
266,0,0,0,0.0299625468164794,0
633,0,0,0,0.026813880126182965,0
459,0,0,0,0.04782608695652174,0
1275,0,1,0,0.02037617554858934,0
211,0,0,0,0.0330188679245283,0
1541,0,1,0,0.03826199740596628,0
1024,0,2,0,0.04097560975609756,0
452,0,1,0,0.0706401766004415,0
4543,0,2,0,0.032350352112676055,0
1774,0,1,0,0.010140845070422535,0
2058,0,0,0,0.011656143759106362,0
697,0,0,0,0.025787965616045846,0
1059,0,0,0,0.02358490566037736,0
507,0,0,0,0.023622047244094488,0
2366,0,0,0,0.019856358259400086,0
5426,1,2,0,0.05048829924451815,0
2295,0,1,0,0.03397212543554007,0
522,0,0,0,0.03441682600382409,0
486,0,0,0,0.049281314168377825,0
3941,0,1,0,0.016996448503297817,0
1370,0,1,0,0.021152443471918306,0
356,0,1,0,0.04201680672268908,0
835,0,0,0,0.025119617224880382,0
434,0,0,0,0.041379310344827586,0
721,0,1,0,0.027700831024930747,0
1432,0,0,0,0.045359385903698535,0
632,0,0,0,0.05687203791469194,0
1676,0,0,0,0.07096004770423375,0
660,0,0,0,0.059001512859304085,0
1423,0,0,0,0.037219101123595506,0
1423,0,0,0,0.046348314606741575,0
663,0,0,0,0.05271084337349398,0
905,0,0,0,0.039735099337748346,0
544,0,0,0,0.04954128440366973,0
1122,0,0,0,0.06322350845948353,0
542,0,0,0,0.055248618784530384,0
1116,0,1,0,0.08236347358997315,0
526,0,0,0,0.04554079696394687,0
1205,0,0,0,0.05223880597014925,0
1716,0,1,0,0.057076295864880604,0
660,0,0,0,0.049924357034795766,0
705,0,1,0,0.060906515580736544,0
2288,0,4,0,0.06247269550021844,0
529,0,0,0,0.04339622641509434,0
1065,0,0,0,0.04878048780487805,0
766,0,0,0,0.04954367666232073,0
567,0,0,0,0.04225352112676056,0
1017,0,0,0,0.03831041257367387,0
552,0,0,0,0.06329113924050633,0
1190,0,2,0,0.07388748950461797,0
549,0,0,0,0.04727272727272727,0
1427,0,0,1,0.04061624649859944,0
555,0,0,0,0.046762589928057555,0
1011,0,0,0,0.05237154150197629,0
723,0,0,0,0.05939226519337017,0
2514,0,0,0,0.04771371769383698,0
1233,0,0,0,0.06239870340356564,0
544,0,0,0,0.045871559633027525,0
1098,0,1,2,0.047315741583257506,0
1440,0,0,0,0.047883414295628035,0
1639,0,3,0,0.039634146341463415,0
562,0,0,0,0.0497335701598579,0
1372,0,0,0,0.06117989803350328,0
534,0,0,0,0.04672897196261682,0
994,0,1,0,0.05829145728643216,0
536,0,0,0,0.055865921787709494,0
1071,0,0,0,0.07462686567164178,0
662,0,0,0,0.05279034690799397,0
2065,0,0,0,0.044530493707647625,0
562,0,0,0,0.047957371225577264,0
991,0,1,0,0.0625,0
569,0,0,0,0.042105263157894736,0
1041,0,0,0,0.036468330134357005,0
1070,0,0,0,0.05415499533146592,0
541,0,0,0,0.04428044280442804,0
2570,0,0,0,0.035394788020225595,0
650,0,0,0,0.04915514592933948,0
1515,0,0,0,0.060026385224274406,0
907,0,0,5,0.08149779735682819,0
521,0,3,0,0.032567049808429116,0
430,0,0,0,0.08120649651972157,0
1198,0,0,0,0.03753127606338615,0
1113,0,0,0,0.06014362657091562,0
835,0,2,0,0.04425837320574163,0
350,0,0,0,0.07407407407407407,0
351,0,0,0,0.07954545454545454,0
626,0,0,0,0.05901116427432217,0
1854,0,1,0,0.05013477088948787,0
943,0,0,0,0.05614406779661017,0
811,0,0,0,0.0480295566502463,0
735,0,1,0,0.08967391304347826,0
883,0,1,0,0.07692307692307693,0
205,0,0,0,0.10194174757281553,0
797,0,1,0,0.11904761904761904,0
139,0,0,0,0.15,0
145,0,2,0,0.1643835616438356,0
678,0,0,0,0.06332842415316642,0
157,0,0,0,0.13291139240506328,0
1081,0,1,0,0.03974121996303143,0
448,0,0,0,0.0957683741648107,0
346,0,0,0,0.12968299711815562,0
780,0,0,0,0.04865556978233035,0
1188,0,0,1,0.03868797308662742,0
175,0,0,0,0.11931818181818182,0
541,0,1,0,0.06273062730627306,0
259,0,0,0,0.08076923076923077,0
931,0,0,0,0.06759656652360516,0
263,0,0,0,0.09090909090909091,0
1422,0,0,0,0.03162333099086437,0
139,0,0,0,0.15,0
261,0,1,0,0.09541984732824428,0
129,0,0,0,0.17692307692307693,0
141,0,0,0,0.21830985915492956,0
377,0,0,0,0.07407407407407407,0
382,0,1,0,0.09399477806788512,0
425,0,0,0,0.08450704225352113,0
337,0,0,0,0.11242603550295859,0
333,0,1,0,0.08383233532934131,0
1961,0,0,0,0.09072375127421,0
1853,0,0,0,0.038834951456310676,0
199,0,1,0,0.15,0
500,0,0,0,0.07385229540918163,0
831,0,4,0,0.056490384615384616,0
131,0,0,0,0.1590909090909091,0
2146,0,0,0,0.08663251047973917,0
312,0,0,0,0.12140575079872204,0
535,0,1,0,0.06529850746268656,0
169,0,0,0,0.13529411764705881,0
800,0,0,0,0.049937578027465665,0
1236,0,0,0,0.060630557801131774,0
1646,0,1,0,0.06860959319975714,0
145,0,2,0,0.17123287671232876,0
159,0,0,0,0.13125,0
236,0,0,0,0.09282700421940929,0
328,0,0,0,0.08206686930091185,0
390,0,0,0,0.08439897698209718,0
147,0,2,0,0.12837837837837837,0
248,0,0,0,0.1646586345381526,0
236,0,0,0,0.08016877637130802,0
133,0,0,0,0.1865671641791045,0
353,0,0,0,0.059322033898305086,0
135,0,0,0,0.18382352941176472,0
193,0,0,0,0.10824742268041238,0
217,0,0,0,0.10550458715596331,0
630,0,0,0,0.0491283676703645,0
295,0,0,0,0.10135135135135136,0
461,0,0,0,0.08658008658008658,0
225,0,0,0,0.12831858407079647,0
859,0,1,0,0.06162790697674419,0
403,0,1,0,0.05693069306930693,0
1061,0,1,0,0.07815442561205273,0
304,0,1,0,0.13114754098360656,0
1234,0,1,0,0.05020242914979757,0
677,0,2,0,0.0855457227138643,0
768,0,6,0,0.08192457737321196,0
554,0,0,0,0.07927927927927927,0
1292,0,0,0,0.037122969837587005,0
511,0,0,0,0.083984375,0
735,0,1,0,0.0625,0
693,0,1,0,0.05187319884726225,0
532,0,1,0,0.1575984990619137,0
275,0,1,0,0.15942028985507245,0
1064,0,1,0,0.036619718309859155,0
562,0,0,0,0.0763765541740675,0
155,0,0,0,0.1346153846153846,0
292,0,0,0,0.07167235494880546,0
339,0,0,0,0.10882352941176471,0
195,0,0,0,0.10714285714285714,0
277,0,0,0,0.09352517985611511,0
892,0,1,0,0.05039193729003359,0
265,0,0,0,0.07142857142857142,0
302,0,1,0,0.13861386138613863,0
959,0,0,0,0.065625,0
690,0,0,0,0.060781476121562955,0
447,0,0,0,0.09821428571428571,0
681,0,1,0,0.07624633431085044,0
105,0,0,0,0.1792452830188679,0
147,0,0,0,0.25,0
1334,0,0,0,0.03445692883895131,0
399,0,0,0,0.1225,0
445,0,0,0,0.11210762331838565,0
185,0,0,0,0.12365591397849462,0
300,0,0,0,0.14285714285714285,0
226,0,0,0,0.1145374449339207,0
323,0,0,0,0.10185185185185185,0
886,0,1,0,0.08568207440811725,0
199,0,0,0,0.135,0
592,0,0,0,0.06070826306913996,0
286,0,0,0,0.09407665505226481,0
341,0,0,0,0.07017543859649122,0
1364,0,1,0,0.02490842490842491,0
3032,0,3,0,0.024398285525881965,0
2654,0,1,0,0.018832391713747645,0
291,0,1,0,0.10273972602739725,0
385,0,0,0,0.05699481865284974,0
2800,0,1,0,0.03855765797929311,0
653,0,1,0,0.06116207951070336,0
4348,0,1,0,0.02276385375948494,0
912,0,0,0,0.03504928806133625,0
1607,0,0,0,0.043532338308457715,0
1374,0,0,0,0.04,0
1037,0,0,0,0.029865125240847785,0
1963,0,0,0,0.029531568228105907,0
91,0,0,0,0.13043478260869565,0
118,0,0,0,0.09243697478991597,0
186,0,0,0,0.0962566844919786,0
2156,0,0,0,0.03801576263328697,0
166,0,0,0,0.11976047904191617,0
2180,0,2,0,0.031178358551123338,0
145,0,0,0,0.1506849315068493,0
335,0,0,0,0.1130952380952381,0
136,0,0,0,0.10218978102189781,0
217,0,0,0,0.0779816513761468,0
549,0,0,0,0.04363636363636364,0
257,0,0,0,0.046511627906976744,0
125,0,0,0,0.14285714285714285,0
612,0,0,0,0.08972267536704731,0
77,0,0,0,0.14102564102564102,0
1091,0,0,0,0.04304029304029304,0
83,0,0,0,0.13095238095238096,0
64,0,0,0,0.23076923076923078,0
47,0,0,0,0.22916666666666666,0
50,0,0,0,0.21568627450980393,0
72,0,0,0,0.1780821917808219,0
270,0,0,0,0.11808118081180811,0
41,0,0,0,0.40476190476190477,0
199,0,0,0,0.055,0
289,0,0,0,0.05517241379310345,0
199,0,0,0,0.07,0
201,0,0,0,0.04950495049504951,0
202,0,0,0,0.054187192118226604,0
176,0,0,0,0.05649717514124294,0
190,0,0,0,0.05235602094240838,0
204,0,0,0,0.06829268292682927,0
194,0,0,0,0.05641025641025641,0
177,0,0,0,0.06179775280898876,0
202,0,0,0,0.04926108374384237,0
188,0,0,0,0.0582010582010582,0
182,0,0,0,0.07103825136612021,0
186,0,0,0,0.053475935828877004,0
187,0,0,0,0.05851063829787234,0
191,0,0,0,0.078125,0
202,0,0,0,0.06403940886699508,0
196,0,0,0,0.07106598984771574,0
191,0,0,0,0.0625,0
197,0,0,0,0.07575757575757576,0
185,0,0,0,0.07526881720430108,0
183,0,0,0,0.06521739130434782,0
199,0,0,0,0.055,0
221,0,0,0,0.05405405405405406,0
175,0,0,0,0.056818181818181816,0
178,0,0,0,0.061452513966480445,0
183,0,0,0,0.05434782608695652,0
3632,0,0,0,0.03275529865125241,0
210,0,0,0,0.05687203791469194,0
207,0,0,0,0.04807692307692308,0
273,0,1,1,0.04744525547445255,0
285,0,0,0,0.06993006993006994,0
162,0,0,0,0.11042944785276074,0
118,0,0,0,0.11764705882352941,0
286,0,1,0,0.06620209059233449,0
300,0,0,0,0.053156146179401995,0
84,0,0,0,0.12941176470588237,0
139,0,0,0,0.15714285714285714,0
115,0,0,0,0.10344827586206896,0
114,0,0,0,0.1391304347826087,0
493,0,0,0,0.06072874493927125,0
135,0,0,0,0.07352941176470588,0
521,0,0,0,0.038314176245210725,0
147,0,0,0,0.11486486486486487,0
286,0,0,0,0.0627177700348432,0
696,0,0,0,0.03443328550932568,0
174,0,0,0,0.08,0
67,0,0,0,0.16176470588235295,0
220,0,0,0,0.07692307692307693,0
128,0,0,0,0.13953488372093023,0
125,0,0,1,0.14285714285714285,0
1414,0,2,0,0.0431095406360424,0
1000,0,2,0,0.04495504495504495,0
203,0,0,0,0.09313725490196079,0
111,0,0,0,0.09821428571428571,0
145,0,0,0,0.14383561643835616,0
115,0,0,0,0.12931034482758622,0
139,0,0,0,0.14285714285714285,0
479,0,0,0,0.05416666666666667,0
118,0,0,0,0.15126050420168066,0
97,0,0,0,0.19387755102040816,0
97,0,0,0,0.09183673469387756,0
96,0,0,0,0.10309278350515463,0
112,0,0,0,0.09734513274336283,0
248,0,1,0,0.08835341365461848,0
358,0,0,0,0.04735376044568245,0
82,0,0,0,0.13253012048192772,0
262,0,0,0,0.049429657794676805,0
123,0,0,0,0.18548387096774194,0
187,0,0,0,0.05851063829787234,0
454,0,1,0,0.06373626373626373,0
555,0,0,0,0.07194244604316546,0
493,0,1,0,0.08704453441295547,0
284,0,0,0,0.09824561403508772,0
190,0,0,0,0.07329842931937172,0
482,0,0,0,0.06625258799171843,0
192,0,0,0,0.07253886010362694,0
169,0,0,0,0.06470588235294118,0
168,0,0,0,0.08875739644970414,0
150,0,0,0,0.08609271523178808,0
319,0,0,0,0.0625,0
180,0,0,0,0.08287292817679558,0
489,0,0,0,0.04897959183673469,0
343,0,0,0,0.06686046511627906,0
154,0,0,0,0.1032258064516129,0
271,0,0,0,0.07352941176470588,0
163,0,0,0,0.06097560975609756,0
448,0,2,0,0.07126948775055679,0
198,0,0,0,0.10050251256281408,0
172,0,0,0,0.10404624277456648,0
65,0,0,0,0.19696969696969696,0
668,0,0,2,0.07922272047832586,0
1581,0,1,0,0.03666245259165613,0
1315,0,1,0,0.053951367781155016,0
286,0,1,0,0.10104529616724739,0
110,0,0,0,0.12612612612612611,0
144,0,0,0,0.11724137931034483,0
198,0,0,0,0.09045226130653267,0
145,0,0,0,0.07534246575342465,0
193,0,0,0,0.05154639175257732,0
374,0,0,0,0.12533333333333332,0
186,0,0,0,0.0855614973262032,0
206,0,0,0,0.07246376811594203,0
181,0,0,0,0.1043956043956044,0
250,0,0,0,0.07569721115537849,0
295,0,1,0,0.057432432432432436,0
282,0,0,0,0.06713780918727916,0
191,0,0,0,0.09375,0
218,0,0,0,0.0821917808219178,0
107,0,0,0,0.14814814814814814,0
175,0,0,0,0.09659090909090909,0
1565,0,1,0,0.02937420178799489,0
664,0,0,0,0.0406015037593985,0
1423,0,0,0,0.030196629213483147,0
189,0,0,0,0.10526315789473684,0
137,0,0,0,0.12318840579710146,0
470,0,0,0,0.06157112526539278,0
102,0,0,0,0.1650485436893204,0
173,0,0,0,0.06321839080459771,0
168,0,0,0,0.07100591715976332,0
143,0,0,0,0.1111111111111111,0
220,0,0,0,0.08597285067873303,0
189,0,0,0,0.05263157894736842,0
158,0,0,0,0.06289308176100629,0
129,0,0,0,0.1,0
194,0,0,0,0.15897435897435896,0
260,0,0,0,0.06513409961685823,0
134,0,0,0,0.08888888888888889,0
175,0,0,0,0.09659090909090909,0
85,0,0,0,0.19767441860465115,0
70,0,0,0,0.15492957746478872,0
145,0,0,0,0.1232876712328767,0
113,0,0,0,0.14035087719298245,0
39,0,0,0,0.275,0
253,0,0,0,0.09055118110236221,0
151,0,0,0,0.07894736842105263,0
141,0,0,0,0.07042253521126761,0
176,0,0,0,0.096045197740113,0
209,0,0,0,0.11904761904761904,0
164,0,0,0,0.07878787878787878,0
707,0,1,2,0.07768361581920905,0
101,0,0,0,0.11764705882352941,0
103,0,0,0,0.1346153846153846,0
109,0,0,0,0.17272727272727273,0
226,0,0,0,0.07048458149779736,0
149,0,0,0,0.06,0
107,0,0,0,0.1111111111111111,0
109,0,0,0,0.11818181818181818,0
212,0,0,0,0.06103286384976526,0
106,0,0,0,0.12149532710280374,0
461,0,0,0,0.06926406926406926,0
93,0,0,0,0.18085106382978725,0
214,0,0,0,0.10232558139534884,0
109,0,0,0,0.17272727272727273,0
171,0,0,0,0.06395348837209303,0
148,0,0,0,0.087248322147651,0
319,0,0,0,0.065625,0
162,0,0,0,0.0736196319018405,0
282,0,0,0,0.11307420494699646,0
157,0,0,0,0.06962025316455696,0
277,0,0,0,0.0683453237410072,0
492,0,0,0,0.07505070993914807,0
132,0,0,0,0.06766917293233082,0
169,0,0,0,0.06470588235294118,0
104,0,0,0,0.08571428571428572,0
154,0,0,0,0.0967741935483871,0
110,0,0,0,0.11711711711711711,0
198,0,0,0,0.07537688442211055,0
188,0,0,0,0.05291005291005291,0
201,0,0,0,0.07425742574257425,0
108,0,0,0,0.1559633027522936,0
293,0,0,0,0.07482993197278912,0
239,0,0,0,0.06666666666666667,0
129,0,0,0,0.23846153846153847,0
112,0,0,0,0.11504424778761062,0
137,0,0,0,0.13043478260869565,0
154,0,0,0,0.0967741935483871,0
101,0,0,0,0.11764705882352941,0
100,0,0,0,0.1188118811881188,0
115,0,0,0,0.07758620689655173,0
204,0,0,0,0.06829268292682927,0
183,0,0,0,0.04891304347826087,0
124,0,0,0,0.152,0
156,0,0,0,0.05732484076433121,0
92,0,0,0,0.21505376344086022,0
765,0,0,0,0.06135770234986945,0
250,0,0,0,0.10358565737051793,0
1549,0,1,1,0.04064516129032258,0
257,0,0,0,0.06589147286821706,0
243,0,0,0,0.0860655737704918,0
252,0,0,0,0.13043478260869565,0
269,0,0,0,0.05555555555555555,0
204,0,0,0,0.05853658536585366,0
167,0,0,0,0.08333333333333333,0
242,0,0,0,0.09876543209876543,0
177,0,0,0,0.07865168539325842,0
166,0,0,0,0.059880239520958084,0
266,0,1,0,0.11235955056179775,0
265,0,0,0,0.08270676691729323,0
510,0,1,0,0.07436399217221135,0
137,0,0,0,0.08695652173913043,0
1281,0,2,3,0.044461778471138844,0
141,0,0,0,0.09154929577464789,0
193,0,0,0,0.05154639175257732,0
1427,0,5,0,0.04341736694677871,0
360,0,1,0,0.09695290858725762,0
272,0,0,0,0.07692307692307693,0
841,0,1,0,0.06769596199524941,0
1314,0,2,0,0.07452471482889733,0
190,0,0,0,0.05759162303664921,0
345,0,1,0,0.1416184971098266,0
445,0,0,0,0.06278026905829596,0
467,0,2,0,0.07264957264957266,0
3702,0,0,0,0.04293815825006751,0
289,0,0,0,0.06896551724137931,0
1331,0,1,0,0.04129129129129129,0
644,0,0,0,0.03565891472868217,0
293,0,1,0,0.09863945578231292,0
200,0,0,0,0.04975124378109453,0
1894,0,2,0,0.04432717678100264,0
222,0,0,0,0.06278026905829596,0
184,0,0,0,0.07567567567567568,0
276,0,0,0,0.061371841155234655,0
260,0,0,0,0.11494252873563218,0
946,0,2,0,0.05385427666314678,0
177,0,0,0,0.11235955056179775,0
245,0,0,0,0.08130081300813008,0
260,0,0,0,0.14559386973180077,0
1392,0,0,0,0.08973438621679827,0
516,0,0,0,0.06769825918762089,0
191,0,0,0,0.07291666666666667,0
209,0,0,0,0.05238095238095238,0
169,0,0,0,0.058823529411764705,0
153,0,0,0,0.08441558441558442,0
153,0,0,0,0.09740259740259741,0
584,0,1,0,0.08547008547008547,0
167,0,0,0,0.10119047619047619,0
306,0,0,0,0.05863192182410423,0
153,0,0,0,0.09740259740259741,0
299,0,0,0,0.08,0
317,0,0,0,0.10377358490566038,0
180,0,0,0,0.06629834254143646,0
136,0,0,0,0.10218978102189781,0
286,0,0,0,0.10452961672473868,0
260,0,0,0,0.16475095785440613,0
1486,0,0,0,0.04438466711499664,0
208,0,0,0,0.06220095693779904,0
800,0,0,0,0.07365792759051186,0
305,0,0,0,0.07516339869281045,0
435,0,1,0,0.08486238532110092,0
188,0,0,0,0.07936507936507936,0
1790,0,0,0,0.0513679508654383,0
249,0,0,0,0.06,0
234,0,0,0,0.09787234042553192,0
309,0,0,0,0.07741935483870968,0
207,0,0,0,0.052884615384615384,0
376,0,0,0,0.07692307692307693,0
5327,0,0,0,0.04354354354354354,0
1407,0,0,0,0.08238636363636363,0
1307,0,0,0,0.0481651376146789,0
1651,0,0,0,0.0387409200968523,0
445,0,1,0,0.06502242152466367,0
164,0,0,0,0.06060606060606061,0
561,0,1,0,0.046263345195729534,0
613,0,0,0,0.043973941368078175,0
150,0,0,0,0.07947019867549669,0
1012,0,0,0,0.03751233958538993,0
227,0,0,0,0.07894736842105263,0
261,0,0,0,0.07633587786259542,0
154,0,0,0,0.07741935483870968,0
267,0,0,0,0.1044776119402985,0
186,0,0,0,0.10160427807486631,0
975,0,2,0,0.05430327868852459,0
188,0,0,0,0.07407407407407407,0
242,0,0,0,0.053497942386831275,0
192,0,0,0,0.05699481865284974,0
199,0,0,0,0.06,0
204,0,0,0,0.06341463414634146,0
190,0,0,0,0.05235602094240838,0
254,0,0,0,0.058823529411764705,0
216,0,0,0,0.04608294930875576,0
162,0,1,0,0.147239263803681,0
1151,0,0,0,0.04513888888888889,0
183,0,0,0,0.059782608695652176,0
179,0,0,0,0.06111111111111111,0
181,0,1,0,0.16483516483516483,0
166,0,0,0,0.0718562874251497,0
191,0,0,0,0.057291666666666664,0
184,0,0,0,0.07567567567567568,0
162,0,0,0,0.07975460122699386,0
188,0,0,0,0.07407407407407407,0
183,0,0,0,0.06521739130434782,0
155,0,0,0,0.07051282051282051,0
193,0,0,0,0.07216494845360824,0
977,0,1,1,0.05930470347648262,0
204,0,0,0,0.05365853658536585,0
178,0,0,0,0.0782122905027933,0
442,0,1,0,0.08126410835214447,0
139,0,0,0,0.08571428571428572,0
660,0,1,0,0.05597579425113464,0
826,0,1,1,0.045949214026602174,0
393,0,1,0,0.10406091370558376,0
307,0,1,0,0.10064935064935066,0
166,0,0,0,0.0658682634730539,0
134,0,0,0,0.08888888888888889,0
201,0,0,0,0.06930693069306931,0
182,0,0,0,0.1092896174863388,0
243,0,0,0,0.07377049180327869,0
250,0,0,0,0.06772908366533864,0
1796,0,2,0,0.048414023372287146,0
240,0,0,0,0.04564315352697095,0
205,0,0,0,0.05825242718446602,0
363,0,2,0,0.07692307692307693,0
214,0,0,0,0.10697674418604651,0
407,0,3,0,0.07107843137254902,0
376,0,0,0,0.10610079575596817,0
524,0,0,0,0.05904761904761905,0
276,0,0,0,0.061371841155234655,0
516,0,2,0,0.09671179883945841,0
239,0,0,0,0.05416666666666667,0
219,0,0,0,0.08181818181818182,0
400,0,0,0,0.04738154613466334,0
484,0,1,0,0.06597938144329897,0
1141,0,0,0,0.07443082311733801,0
578,0,0,0,0.05008635578583765,0
295,0,0,0,0.06418918918918919,0
190,0,0,0,0.09947643979057591,0
1122,0,0,0,0.024933214603739984,0
521,0,0,0,0.038314176245210725,0
302,0,0,0,0.066006600660066,0
216,0,0,0,0.08294930875576037,0
460,0,0,0,0.03470715835140998,0
195,0,0,0,0.05102040816326531,0
233,0,0,0,0.07264957264957266,0
685,0,0,0,0.029154518950437316,0
505,0,1,0,0.037549407114624504,0
335,0,0,0,0.1130952380952381,0
493,0,0,0,0.06072874493927125,0
1507,0,1,0,0.04111405835543767,0
248,0,0,0,0.10843373493975904,0
537,0,0,0,0.07063197026022305,0
315,0,0,0,0.0981012658227848,0
549,0,0,0,0.04363636363636364,0
195,0,0,0,0.09183673469387756,0
367,0,0,0,0.07065217391304347,0
851,0,0,2,0.04929577464788732,0
246,0,0,0,0.05668016194331984,0
408,0,0,0,0.039119804400977995,0
644,0,0,0,0.03565891472868217,0
696,0,0,0,0.03443328550932568,0
396,0,0,0,0.04534005037783375,0
656,0,0,0,0.0532724505327245,0
2091,0,0,0,0.03537284894837476,0
684,0,0,0,0.035036496350364967,0
495,0,0,0,0.036290322580645164,0
189,0,0,0,0.06842105263157895,0
104,0,0,0,0.11428571428571428,0
197,0,0,0,0.08080808080808081,0
139,0,0,0,0.07142857142857142,0
208,0,0,0,0.05741626794258373,0
197,0,0,0,0.08080808080808081,0
147,0,0,0,0.07432432432432433,0
145,0,0,0,0.1095890410958904,0
1725,0,0,0,0.08980301274623406,0
209,0,1,0,0.10952380952380952,0
684,0,1,0,0.05401459854014599,0
330,0,0,0,0.11782477341389729,0
6423,0,0,2,0.045921544209215445,0
1440,0,0,0,0.047883414295628035,0
360,0,0,1,0.07202216066481995,0
747,0,2,0,0.04946524064171123,0
262,0,0,0,0.049429657794676805,0
352,0,1,0,0.08781869688385269,0
279,0,1,0,0.07857142857142857,0
174,0,0,0,0.10285714285714286,0
291,0,1,0,0.09246575342465753,0
160,0,0,0,0.11801242236024845,0
106,0,0,0,0.12149532710280374,0
397,0,0,0,0.09547738693467336,0
250,0,0,0,0.07569721115537849,0
250,0,0,0,0.06374501992031872,0
293,0,0,0,0.11904761904761904,0
231,0,0,0,0.0603448275862069,0
189,0,0,0,0.06315789473684211,0
574,0,2,0,0.06434782608695652,0
183,0,0,0,0.09239130434782608,0
902,0,1,0,0.05537098560354374,0
257,0,0,0,0.06201550387596899,0
263,0,0,0,0.04924242424242424,0
552,0,0,0,0.0922242314647378,0
822,0,0,0,0.07290400972053462,0
4022,0,1,0,0.03678846631866766,0
7271,0,0,0,0.037953795379537955,0
270,0,1,0,0.11070110701107011,0
972,0,0,9,0.03905447070914697,0
665,0,1,0,0.06456456456456457,0
180,0,0,0,0.09392265193370165,0
148,0,0,0,0.06711409395973154,0
192,0,0,0,0.08290155440414508,0
473,0,1,0,0.06962025316455696,0
260,0,1,0,0.13793103448275862,0
239,0,0,0,0.07083333333333333,0
154,0,0,0,0.0967741935483871,0
110,0,0,0,0.13513513513513514,0
410,0,1,0,0.0827250608272506,0
141,0,0,0,0.08450704225352113,0
244,0,1,0,0.11836734693877551,0
201,0,0,0,0.054455445544554455,0
162,0,0,0,0.08588957055214724,0
160,0,0,0,0.06832298136645963,0
196,0,0,0,0.07614213197969544,0
198,0,0,0,0.05025125628140704,0
118,0,0,0,0.1092436974789916,0
6596,0,2,0,0.041534030619978776,0
311,0,1,0,0.09615384615384616,0
851,0,1,0,0.03873239436619718,0
242,0,0,0,0.06172839506172839,0
295,0,1,0,0.09121621621621621,0
1116,0,0,0,0.06087735004476276,0
200,0,0,0,0.0945273631840796,0
2266,0,1,0,0.025584472871636524,0
545,0,0,0,0.152014652014652,0
630,0,1,0,0.09667194928684628,0
176,0,0,0,0.10734463276836158,0
238,0,0,0,0.06276150627615062,0
198,0,0,0,0.07537688442211055,0
235,0,0,0,0.07627118644067797,0
202,0,0,0,0.059113300492610835,0
135,0,0,0,0.11029411764705882,0
193,0,0,0,0.07731958762886598,0
284,0,0,0,0.08421052631578947,0
201,0,0,0,0.054455445544554455,0
274,0,1,0,0.05818181818181818,0
323,0,0,0,0.11419753086419752,0
145,0,0,0,0.0958904109589041,0
219,0,0,0,0.045454545454545456,0
154,0,0,0,0.08387096774193549,0
155,0,0,0,0.07051282051282051,0
214,0,0,0,0.06511627906976744,0
198,0,0,0,0.09045226130653267,0
193,0,0,0,0.05154639175257732,0
162,0,0,0,0.0736196319018405,0
186,0,0,0,0.053475935828877004,0
147,0,0,0,0.08108108108108109,0
164,0,0,0,0.06666666666666667,0
142,0,0,0,0.07692307692307693,0
189,0,0,0,0.07368421052631578,0
6489,0,2,4,0.028197226502311247,0
448,0,2,0,0.0757238307349666,0
211,0,1,0,0.09433962264150944,0
282,0,5,0,0.1166077738515901,0
484,0,3,0,0.08041237113402062,0
3518,0,1,0,0.03438476840011367,0
8872,0,0,0,0.03392313760847515,0
757,0,1,0,0.0395778364116095,0
1360,0,2,0,0.055841293166789124,0
326,0,1,0,0.09480122324159021,0
3433,0,1,0,0.07251019219569016,0
986,0,1,0,0.10030395136778116,0
955,0,4,1,0.032426778242677826,0
640,0,6,0,0.0514820592823713,0
3069,0,1,0,0.04169381107491857,0
485,0,0,1,0.11934156378600823,0
1115,0,0,0,0.051075268817204304,0
628,0,2,0,0.06041335453100159,0
1280,0,3,0,0.03669008587041374,0
231,0,0,0,0.05603448275862069,0
1728,0,3,1,0.09600925390399075,0
1020,0,0,2,0.07835455435847209,0
1206,0,1,0,0.05302402651201325,0
1248,0,1,0,0.02241793434747798,0
849,0,0,0,0.04352941176470588,0
561,0,2,0,0.07829181494661921,0
1638,0,14,0,0.06833435021354485,0
643,0,1,0,0.06832298136645963,0
392,0,1,0,0.09923664122137404,0
594,0,1,0,0.08907563025210084,0
366,0,1,0,0.07629427792915532,0
963,0,0,0,0.03630705394190872,0
399,0,1,0,0.1075,0
305,0,0,0,0.08169934640522876,0
444,0,2,0,0.060674157303370786,0
381,0,2,0,0.08376963350785341,0
3407,0,1,0,0.027582159624413145,0
1259,0,0,0,0.03650793650793651,0
1402,0,2,1,0.06771204561653599,0
1041,0,3,0,0.05662188099808062,0
776,0,3,0,0.0694980694980695,0
401,0,3,0,0.07960199004975124,0
314,0,0,0,0.10158730158730159,0
571,0,0,0,0.04020979020979021,0
1521,0,0,0,0.03942181340341656,0
770,0,1,0,0.06614785992217899,0
1042,0,0,1,0.020134228187919462,0
2479,0,0,3,0.029838709677419355,0
524,0,0,0,0.0419047619047619,0
537,0,0,0,0.046468401486988845,0
4557,0,1,0,0.01689337428696797,0
269,0,1,0,0.08518518518518518,0
1405,0,2,0,0.07254623044096728,0
448,0,1,0,0.0645879732739421,0
353,0,1,0,0.08757062146892655,0
555,0,0,0,0.07194244604316546,0
854,0,1,0,0.044444444444444446,0
1264,0,1,0,0.0458498023715415,0
425,0,1,0,0.07746478873239436,0
859,0,0,0,0.05465116279069768,0
1459,0,0,0,0.04452054794520548,0
1013,0,1,0,0.05917159763313609,0
300,0,0,0,0.09634551495016612,0
993,0,1,0,0.04225352112676056,0
1841,0,0,0,0.048859934853420196,0
355,0,0,0,0.10674157303370786,0
907,0,0,0,0.051762114537444934,0
1371,0,0,0,0.056851311953352766,0
202499,0,0,0,0.0,0
6063,0,6,4,0.11939313984168866,0
14453,0,1,10,0.10163276601632766,0
328,0,0,0,0.0364741641337386,0
5739,0,0,1,0.08797909407665505,0
18749,0,3,1,0.052586666666666664,0
4247,0,5,0,0.07674199623352165,0
3201,0,9,0,0.09088069956277327,0
13060,0,2,4,0.035142791516729194,0
1530,0,9,0,0.0829523187459177,0
9440,0,2,4,0.04512233873530346,0
5460,0,2,0,0.07123237502288958,0
1300,0,3,11,0.1245196003074558,0
7813,0,4,5,0.09777322754031226,0
3298,0,2,1,0.10003031221582298,0
16911,0,11,2,0.05558183538315989,0
12558,0,16,4,0.07357273668285691,0
1203,0,2,0,0.06727574750830564,0
8537,0,3,2,0.0627781681892715,0
8246,0,7,0,0.08681944949678672,0
2566,0,4,0,0.10011686793922867,0
14039,0,9,2,0.07457264957264957,0
5056,0,1,1,0.07039746885505241,0
7821,0,5,1,0.07044234211199182,0
3791,0,0,2,0.09018987341772151,0
2237,0,1,7,0.09428060768543342,0
5345,0,2,5,0.06416011971567527,0
4902,0,4,5,0.08158270446665307,0
4419,0,2,3,0.07171945701357466,0
1327,0,6,2,0.08960843373493976,0
5708,0,1,0,0.06410930110352075,0
3263,0,3,0,0.09803921568627451,0
13846,0,9,7,0.060951830721455914,0
6166,0,0,13,0.06696935300794551,0
3101,0,1,0,0.05738233397807866,0
2074,0,1,13,0.1691566265060241,0
2933,0,2,0,0.1029311520109066,0
1237,0,2,0,0.06865912762520193,0
5236,0,1,0,0.07046018713003628,0
504,0,0,0,0.04356435643564356,0
5347,0,0,0,0.0712415856394914,0
2533,0,3,6,0.10142067876874507,0
11582,0,0,0,0.027713027713027714,0
1402,0,0,0,0.08267997148966501,0
1143,0,4,7,0.10664335664335664,0
4670,0,3,0,0.06722329265681867,0
5845,0,2,0,0.06722545330140267,0
10232,0,11,2,0.06762435258477476,0
5119,0,4,5,0.080078125,0
6182,0,0,1,0.0606501698204755,0
3550,0,0,6,0.07350042241622079,0
9229,0,4,2,0.08212351029252438,0
3057,0,7,1,0.10627861347285808,0
2661,0,1,0,0.11870773854244929,0
3985,0,8,24,0.08253888610135474,0
1237,0,2,0,0.06865912762520193,0
5541,0,0,0,0.07253699025622519,0
10537,0,12,0,0.07174036819130765,0
7837,0,5,4,0.08190865016585863,0
5536,0,2,2,0.0623081090843417,0
2438,0,3,5,0.10414104141041411,0
4915,0,4,4,0.07750203417412531,0
8736,0,1,1,0.04417992445919652,0
1237,0,2,0,0.06865912762520193,0
655,0,0,0,0.08536585365853659,0
16474,0,12,1,0.05456752655538695,0
3491,0,5,0,0.10280641466208476,0
2846,0,7,16,0.09975412715138743,0
7602,0,7,0,0.0865447849533079,0
12076,0,24,1,0.06756644862134636,0
2979,0,1,0,0.10771812080536913,0
5619,0,1,1,0.07099644128113879,0
10342,0,3,1,0.07463985304070386,0
5560,0,2,0,0.06527602949109872,0
2921,0,1,5,0.06810403832991102,0
2483,0,1,6,0.12037037037037036,0
4833,0,4,1,0.08564335953661564,0
6535,0,0,2,0.05982252141982864,0
2925,0,2,0,0.10868079289131921,0
11747,0,22,4,0.06962887299965952,0
2033,0,0,0,0.06489675516224189,0
4409,0,9,30,0.07414965986394557,0
5949,0,2,1,0.07075630252100841,0
8541,0,5,2,0.08979161788808242,0
12408,0,11,2,0.054396002901120157,0
5258,0,2,0,0.07339798440768207,0
1159,0,2,9,0.14396551724137932,0
5138,0,4,3,0.08367386651099436,0
4126,0,4,2,0.10661497455779016,0
8503,0,13,3,0.09783631232361242,0
10319,0,15,4,0.07771317829457364,0
9083,0,7,1,0.06549977983267283,0
1237,0,2,0,0.06865912762520193,0
8956,0,2,4,0.05504075025120018,0
2587,0,2,9,0.11901081916537867,0
3334,0,3,2,0.0944527736131934,0
3866,0,0,0,0.0708559606930437,0
5361,0,1,0,0.08205893323386795,0
8276,0,11,3,0.08626313881841247,0
6792,0,2,7,0.06153393198881201,0
5116,0,3,9,0.07934336525307797,0
3282,0,0,0,0.07005787389582699,0
4077,0,0,1,0.08435507601765571,0
4748,0,1,0,0.06906717203621815,0
894,0,1,0,0.09385474860335195,0
3293,0,2,0,0.0965391621129326,0
379,0,0,0,0.18421052631578946,0
5327,0,11,4,0.08370870870870871,0
11336,0,4,4,0.07285878098262327,0
2034,0,0,0,0.06535626535626536,0
5289,0,1,0,0.08166351606805293,0
1237,0,2,0,0.06865912762520193,0
10800,0,10,2,0.07545597629849088,0
11073,0,23,3,0.07188007946541448,0
7574,0,6,1,0.09016501650165017,0
3719,0,1,1,0.06344086021505377,0
9169,0,10,4,0.07197382769901854,0
5373,0,2,1,0.0708969110532192,0
4662,0,4,0,0.05940381728500965,0
4928,0,4,3,0.08723879082978292,0
1882,0,2,14,0.14232607541157727,0
3118,0,1,5,0.08368066688041038,0
1169,0,2,9,0.147008547008547,0
5082,0,0,1,0.06629942947078497,0
1964,0,0,0,0.09618320610687023,0
2518,0,2,0,0.08773322747121874,0
18002,0,22,1,0.09498416930511581,0
1942,0,0,6,0.13432835820895522,0
3361,0,1,1,0.10767400356930398,0
4377,0,8,22,0.08816811329374144,0
5392,0,3,0,0.07342851844984238,0
1237,0,2,0,0.06865912762520193,0
4784,0,3,1,0.055590386624869384,0
11579,0,18,3,0.06398963730569948,0
8241,0,1,6,0.04282941033729677,0
1237,0,2,0,0.06865912762520193,0
2370,0,2,0,0.09869253479544496,0
8443,0,6,2,0.08467550923732828,0
3283,0,3,1,0.1023142509135201,0
1237,0,2,0,0.06865912762520193,0
5095,0,1,0,0.07967032967032966,0
13707,0,23,1,0.06156988619784068,0
10089,0,9,0,0.07403369672943508,0
9772,0,0,0,0.07653739895630819,0
11162,0,5,1,0.07291946609334408,0
2035,0,1,0,0.10216110019646366,0
4952,0,4,4,0.08075913587724612,0
5555,0,2,0,0.06497480201583873,0
7483,0,2,0,0.13669160876536612,0
3338,0,8,0,0.05181191973644804,0
2127,0,5,3,0.1118421052631579,0
17259,0,2,2,0.12444959443800695,0
2123,0,0,0,0.11252354048964218,0
831,0,9,0,0.17548076923076922,0
706,0,7,1,0.06223479490806223,0
2977,0,0,0,0.125923438549362,0
4210,0,0,13,0.07195440512942294,0
1501,0,4,1,0.11717709720372836,0
26583,0,14,33,0.043973818838399036,0
4007,0,0,0,0.05414171656686627,0
8088,0,1,0,0.05563110396835208,0
14912,0,1,34,0.06953664587943405,0
611,0,0,0,0.06862745098039216,0
3988,0,6,23,0.07570819754324393,0
4734,0,3,1,0.07265047518479409,0
1129,0,0,0,0.03008849557522124,0
6859,0,2,8,0.05451895043731778,0
1537,0,3,1,0.055266579973992196,0
5384,0,14,0,0.05273909006499536,0
1363,0,2,2,0.062316715542521994,0
1371,0,3,0,0.0641399416909621,0
21871,0,3,1,0.061814191660570596,0
6198,0,0,0,0.043555412163252136,0
16950,0,0,14,0.06849153442274793,0
9417,0,5,0,0.07974092163941389,0
2099,0,0,0,0.04476190476190476,0
1293,0,3,0,0.06800618238021638,0
4075,0,1,0,0.0429342492639843,0
1533,0,4,2,0.08865710560625815,0
15978,0,0,10,0.07103072783027724,0
14952,0,0,14,0.08145522637597806,0
8012,0,11,1,0.09834019717958317,0
7731,0,1,2,0.06130367304707708,0
221,0,0,0,0.0945945945945946,0
6727,0,0,0,0.04934601664684899,0
900,0,0,0,0.6625971143174251,0
12302,0,1,0,0.04316020482809071,0
5892,0,4,0,0.16629899881215002,0
11611,0,5,2,0.07492249397175337,0
5170,0,32,8,0.19899439180042544,0
1180,0,0,0,0.05334462320067739,0
5965,0,6,0,0.09855849815621857,0
5869,0,21,5,0.08705281090289609,0
8157,0,7,4,0.09524393233635695,0
6122,0,7,2,0.07496325330720235,0
3761,0,12,1,0.08559276980329612,0
1405,0,4,0,0.060455192034139404,0
881,0,1,0,0.07709750566893424,0
9510,0,6,0,0.05667122279465882,0
1763,0,10,0,0.09580498866213152,0
1269,0,3,1,0.048031496062992125,0
1007,0,0,0,0.057539682539682536,0
2017,0,0,0,0.07185332011892963,0
1562,0,7,0,0.11772232885476648,0
10231,0,4,0,0.08473416731821735,0
10585,0,12,1,0.026544492726242208,0
1497,0,0,0,0.1315086782376502,0
1039,0,4,0,0.12884615384615383,0
873,0,0,0,0.13043478260869565,0
24630,0,2,5,0.06520238723559742,0
612,0,0,0,0.06525285481239804,0
1003,0,0,2,0.1892430278884462,0
20401,0,3,0,0.0415155376923831,0
7809,0,3,0,0.07631241997439181,0
5914,0,0,2,0.08757396449704143,0
1587,0,0,0,0.12720403022670027,0
4010,0,3,2,0.04113687359760658,0
1577,0,0,0,0.037389100126742715,0
2497,0,9,3,0.059247397918334666,0
2284,0,2,0,0.11816192560175055,0
1574,0,0,3,0.05904761904761905,0
2600,0,10,6,0.06920415224913495,0
3294,0,0,0,0.06342943854324734,0
18810,0,4,8,0.07990005847642337,0
1728,0,6,1,0.08791208791208792,0
594,0,0,0,0.05546218487394958,0
17345,0,7,10,0.08019139859333564,0
1457,0,0,2,0.06652949245541838,0
5398,0,1,0,0.04426745693646972,0
68902,0,79,1,0.23254430140922747,0
7689,0,3,0,0.39674902470741225,0
694,0,0,0,0.027338129496402876,0
1732,0,0,0,0.05193306405077899,0
1849,0,0,0,0.024324324324324326,0
2387,0,0,0,0.028056951423785594,0
5770,0,2,0,0.06376711141916479,0
1123,0,0,2,0.06672597864768683,0
2561,0,0,4,0.04020296643247463,0
9152,0,0,0,0.040860919916967116,0
9179,0,12,0,0.06601307189542484,0
1943,0,3,0,0.1301440329218107,0
1938,0,0,0,0.016503352243424446,0
5293,0,18,3,0.09784661881375141,0
3205,0,7,6,0.06674984404242046,0
2737,0,2,0,0.054419284149013876,0
5553,0,5,0,0.03961109110550954,0
4041,0,0,0,0.05071746660069273,0
15286,0,14,1,0.06731209524432524,0
6749,0,4,2,0.06266666666666666,0
6148,0,12,11,0.07448365587900471,0
8484,0,6,14,0.04537418974661167,0
20249,0,0,0,0.0,0
1005,0,4,0,0.1073558648111332,1
512,0,2,0,0.14814814814814814,1
409,0,2,0,0.13170731707317074,1
2585,0,16,0,0.08932714617169374,1
447,0,1,0,0.13169642857142858,1
2397,0,26,10,0.16763969974979148,1
659,0,0,0,0.09090909090909091,1
2416,0,0,0,0.063301613570542,1
2826,0,55,14,0.17721966749204104,1
1493,0,2,1,0.1037483266398929,1
630,0,8,2,0.22345483359746435,1
247,0,6,0,0.07258064516129033,1
403,0,2,0,0.14356435643564355,1
881,0,2,5,0.06802721088435375,1
665,0,4,1,0.07957957957957958,1
2422,0,19,6,0.283945522080066,1
662,0,0,0,0.0784313725490196,1
2524,0,0,1,0.8023762376237624,1
419,0,5,0,0.04285714285714286,1
506,0,2,0,0.15779092702169625,1
2511,0,0,1,0.08200636942675159,1
2705,0,0,1,0.04434589800443459,1
1388,0,7,0,0.11087113030957524,1
958,0,2,2,0.12721584984358708,1
200,0,0,1,0.09950248756218906,1
417,0,2,0,0.14114832535885166,1
209,0,2,0,0.38571428571428573,1
723,0,4,0,0.106353591160221,1
1277,0,12,2,0.12519561815336464,1
3004,0,0,0,0.18069883527454242,1
520,0,2,0,0.15547024952015356,1
1696,0,4,5,0.13081909251620508,1
912,0,11,0,0.07447973713033954,1
2050,0,0,0,0.02242808386153096,1
15663,0,39,45,0.1085291113381001,1
594,0,7,0,0.15630252100840336,1
1664,0,6,0,0.1069069069069069,1
16226,0,45,42,0.09878597399396068,1
951,0,1,0,0.10399159663865547,1
848,0,1,0,0.09069493521790342,1
64,0,6,0,0.1076923076923077,1
687,0,0,0,0.08866279069767442,1
885,0,11,0,0.07674943566591422,1
408,0,3,0,0.14425427872860636,1
1037,0,11,3,0.14258188824662812,1
457,0,9,0,0.11353711790393013,1
156,0,3,0,0.7834394904458599,1
505,0,0,0,0.06719367588932806,1
715,0,3,0,0.09217877094972067,1
676,0,0,0,0.0827178729689808,1
741,0,4,0,0.14824797843665768,1
876,0,2,0,0.09806157354618016,1
907,0,2,0,0.0947136563876652,1
396,0,1,1,0.08816120906801007,1
3651,0,42,6,0.06462212486308871,1
419,0,5,0,0.04285714285714286,1
720,0,3,0,0.09292649098474341,1
271,0,1,0,0.06985294117647059,1
232,0,1,2,0.13304721030042918,1
195,0,0,0,0.05612244897959184,1
464,0,0,0,0.043010752688172046,1
621,0,7,0,0.2572347266881029,1
231,0,1,2,0.1206896551724138,1
1030,0,0,2,0.07856450048496605,1
448,0,2,0,0.09131403118040089,1
1343,0,13,2,0.28125,1
498,0,6,0,0.052104208416833664,1
2848,0,14,0,0.0881010881010881,1
749,0,0,8,0.028,1
1444,0,3,0,0.04913494809688582,1
431,0,1,0,0.034722222222222224,1
570,0,0,0,0.07355516637478109,1
521,0,3,0,0.028735632183908046,1
470,0,0,0,0.044585987261146494,1
471,0,0,0,0.04449152542372881,1
2592,0,0,0,0.08098727342846124,1
221,0,2,0,0.06756756756756757,1
469,0,0,0,0.0425531914893617,1
1784,0,8,4,0.0969187675070028,1
805,0,7,0,0.10669975186104218,1
1379,0,0,1,0.03695652173913044,1
652,0,3,0,0.08728943338437979,1
3028,0,0,1,0.017827665896335426,1
15754,0,18,26,0.08587749920660108,1
594,0,2,0,0.292436974789916,1
1021,0,0,3,0.09099804305283757,1
807,0,1,3,0.40717821782178215,1
542,0,1,0,0.027624309392265192,1
1677,0,8,2,0.07270560190703218,1
217,0,0,0,0.027522935779816515,1
546,0,3,0,0.03290676416819013,1
952,0,3,4,0.060860440713536204,1
904,0,5,0,0.16906077348066298,1
2144,0,0,0,0.053613053613053616,1
693,0,8,0,0.08357348703170028,1
442,0,0,0,0.14446952595936793,1
683,0,8,0,0.0891812865497076,1
2530,0,18,0,0.10233109442907941,1
1165,0,5,0,0.16380789022298456,1
599,0,4,0,0.1,1
907,0,2,0,0.0947136563876652,1
3700,0,5,20,0.03620643069440692,1
2753,0,19,7,0.25635439360929557,1
122,0,0,0,0.04878048780487805,1
429,0,4,0,0.05581395348837209,1
1165,0,5,5,0.07289879931389365,1
325,0,1,0,0.015337423312883436,1
653,0,6,2,0.0382262996941896,1
3840,0,2,13,0.03332465503775059,1
499,0,3,0,0.166,1
611,0,2,1,0.08006535947712418,1
605,0,0,0,0.06930693069306931,1
602,0,1,0,0.08291873963515754,1
949,0,4,2,0.12526315789473685,1
1115,0,13,1,0.246415770609319,1
1555,0,1,0,0.12403598971722365,1
526,0,2,0,0.12144212523719165,1
1336,0,13,2,0.27299925205684367,1
533,0,1,0,0.05805243445692884,1
531,0,2,0,0.11466165413533834,1
1466,0,0,0,0.044989775051124746,1
606,0,0,0,0.07413509060955518,1
505,0,2,1,0.03359683794466403,1
801,0,6,1,0.128428927680798,1
614,0,4,0,0.0975609756097561,1
1025,0,13,0,0.0682261208576998,1
664,0,0,3,0.06616541353383458,1
1013,0,0,1,0.14792899408284024,1
879,0,0,1,0.08295454545454546,1
351,0,0,0,0.1534090909090909,1
2366,0,4,4,0.0904098014364174,1
1321,0,0,3,0.03479576399394856,1
58,0,1,0,0.13559322033898305,1
623,0,2,0,0.07051282051282051,1
909,0,0,0,0.0945054945054945,1
2547,0,18,0,0.10086342229199372,1
889,0,7,4,0.06629213483146068,1
666,0,0,0,0.08545727136431784,1
252,0,1,0,0.023715415019762844,1
1266,0,4,0,0.08602999210734018,1
203,0,4,0,0.37745098039215685,1
1395,0,3,1,0.06160458452722063,1
1172,0,1,2,0.06223358908780904,1
2142,0,2,0,0.07886140923938405,1
71,0,1,0,0.125,1
502,0,0,0,0.061630218687872766,1
626,0,0,0,0.08931419457735247,1
893,0,2,3,0.07270693512304251,1
3396,0,0,2,0.08713570797762732,1
1413,0,14,2,0.26874115983026875,1
2546,0,0,2,0.0785237534354142,1
6443,0,57,14,0.1426132836747362,1
654,0,16,0,0.1450381679389313,1
397,0,1,0,0.052763819095477386,1
2109,0,0,0,0.06777251184834124,1
921,0,5,0,0.05856832971800434,1
613,0,0,0,0.0749185667752443,1
929,0,2,0,0.08817204301075268,1
933,0,7,1,0.12312633832976445,1
3010,0,12,7,0.08933909000332116,1
357,0,13,0,0.21787709497206703,1
2697,0,11,0,0.06560415122312824,1
457,0,9,0,0.11353711790393013,1
419,0,5,0,0.04285714285714286,1
1405,0,14,2,0.2652916073968706,1
976,0,9,0,0.11975435005117707,1
723,0,1,0,0.026243093922651933,1
780,0,3,4,0.024327784891165175,1
455,0,3,0,0.07894736842105263,1
1396,0,11,3,0.12383679312813171,1
907,0,2,0,0.0947136563876652,1
1053,0,2,0,0.09867172675521822,1
695,0,7,0,0.10632183908045977,1
719,0,8,0,0.1763888888888889,1
18459,0,21,58,0.08732394366197183,1
1396,0,11,4,0.12097351467430208,1
1382,0,0,3,0.04266088214027477,1
298,0,0,0,0.07357859531772576,1
2184,0,5,8,0.08054919908466819,1
1046,0,2,0,0.14040114613180515,1
1161,0,5,0,0.16437177280550774,1
2998,0,12,7,0.09003001000333445,1
331,0,2,0,0.11746987951807229,1
1765,0,2,0,0.04813137032842582,1
2304,0,6,12,0.08026030368763558,1
2205,0,4,0,0.09791477787851315,1
268,0,0,0,0.03345724907063197,1
1148,0,5,4,0.06179286335944299,1
1425,0,12,3,0.11711079943899018,1
20056,0,41,219,0.10190955776038291,1
200,0,1,0,0.05472636815920398,1
1401,0,11,3,0.12696148359486448,1
2256,0,2,0,0.05449712007089056,1
1308,0,7,3,0.06875477463712758,1
529,0,0,0,0.06037735849056604,1
1771,0,6,0,0.06320541760722348,1
560,0,1,0,0.049910873440285206,1
712,0,6,0,0.10238429172510519,1
2918,0,5,1,0.11133949982870846,1
4635,0,4,2,0.04918032786885246,1
2353,0,7,0,0.04630416312659303,1
1030,0,0,3,0.08729388942774007,1
3712,0,17,3,0.09480204686237544,1
169,0,0,0,0.01764705882352941,1
1165,0,2,0,0.10634648370497427,1
1203,0,3,6,0.06478405315614617,1
1253,0,4,0,0.08931419457735247,1
4642,0,0,0,0.06978246823174672,1
2631,0,14,6,0.1344984802431611,1
2995,0,0,1,0.04072096128170895,1
1769,0,0,6,0.06666666666666667,1
2872,0,0,2,0.05534284719805082,1
231,0,0,0,0.04741379310344827,1
1171,0,6,5,0.07337883959044368,1
1443,0,0,0,0.14681440443213298,1
2730,0,2,1,0.05272793848407177,1
731,0,2,0,0.06284153005464481,1
971,0,0,0,0.102880658436214,1
2675,0,0,1,0.045590433482810166,1
2847,0,0,3,0.07338483146067416,1
1756,0,1,1,0.03471826977803073,1
498,0,1,0,0.036072144288577156,1
1177,0,2,0,0.11629881154499151,1
2295,0,3,0,0.05008710801393728,1
3013,0,12,7,0.09787657597876576,1
2826,0,0,3,0.07286876547576937,1
1796,0,0,2,0.08569838619922092,1
2449,0,9,0,0.018775510204081632,1
6596,0,21,1,0.07594361073215097,1
1938,0,3,0,0.06188757091284167,1
2658,0,0,0,0.11808950733358406,1
827,0,1,0,0.036231884057971016,1
1032,0,0,3,0.08131655372700872,1
896,0,0,0,0.15942028985507245,1
292,0,1,0,0.1945392491467577,1
70909,0,7,1,0.048201946128895785,1
617,0,1,1,0.022653721682847898,1
4434,0,3,2,0.060879368658399095,1
2067,0,3,10,0.10009671179883946,1
534,0,5,0,0.06355140186915888,1
9415,0,2,12,0.03239167374681393,1
1440,0,11,4,0.12768910478834142,1
391,0,0,0,0.007653061224489796,1
3102,0,5,6,0.09087979374798583,1
9424,0,2,12,0.03204244031830239,1
9399,0,3,13,0.031914893617021274,1
846,0,5,0,0.21605667060212513,1
10267,0,0,0,0.08326840670042851,1
10270,0,0,0,0.08324408528867686,1
4716,0,5,2,0.06126775492898028,1
504,0,1,0,0.08316831683168317,1
3037,0,18,3,0.09776168531928901,1
291,0,0,0,0.10273972602739725,1
1777,0,2,0,0.047806524184476944,1
2136,0,25,0,0.07674309780065512,1
481,0,13,1,0.29045643153526973,1
3006,0,0,2,0.05054871965414034,1
800,0,1,3,0.41198501872659177,1
1739,0,20,2,0.13275862068965516,1
3088,0,0,1,0.04661702816445452,1
1717,0,0,6,0.06169965075669383,1
384,0,3,2,0.18961038961038962,1
7190,0,6,4,0.0689751077736059,1
1164,0,5,0,0.16394849785407725,1
1216,0,13,3,0.11092851273623665,1
176,0,0,0,0.13559322033898305,1
1801,0,3,0,0.08435072142064373,1
2078,0,0,1,0.07166907166907167,1
1905,0,0,1,0.07030430220356768,1
1095,0,3,4,0.07664233576642336,1
581,0,6,0,0.08075601374570447,1
16371,0,26,19,0.04446616173955534,1
5135,0,0,2,0.0323208722741433,1
998,0,3,0,0.11611611611611612,1
1468,0,11,4,0.09530292716133425,1
3307,0,8,4,0.11275695284159613,1
3484,0,22,0,0.04447632711621234,1
56,0,1,0,0.14035087719298245,1
661,0,2,1,0.0634441087613293,1
5217,0,0,4,0.03315446531238022,1
1176,0,0,4,0.1070518266779949,1
294,0,4,0,0.010169491525423728,1
943,0,3,4,0.05402542372881356,1
857,0,9,0,0.21328671328671328,1
360,0,4,2,0.10249307479224377,1
2977,0,6,0,0.059435862995298856,1
513,0,5,0,0.1264591439688716,1
494,0,2,1,0.024242424242424242,1
1064,0,6,1,0.1568075117370892,1
1805,0,3,1,0.0725359911406423,1
1063,0,2,0,0.14567669172932332,1
206,0,1,0,0.27053140096618356,1
1043,0,6,1,0.15708812260536398,1
689,0,3,0,0.08405797101449275,1
128,0,0,0,0.10077519379844961,1
2331,0,6,0,0.06475128644939966,1
1816,0,9,0,0.09356081452944413,1
1616,0,10,3,0.09152752009894867,1
307,0,5,0,0.00974025974025974,1
4210,0,3,1,0.025884587983851817,1
1357,0,0,0,0.38291605301914583,1
89,0,0,0,0.4111111111111111,1
2210,0,0,0,0.05970149253731343,1
7904,0,10,10,0.14952561669829223,1
3817,0,11,0,0.024882137244630696,1
3756,0,0,0,0.030609528879425075,1
17944,0,5,0,0.01733073279465032,1
290,0,0,0,0.10309278350515463,1
1149,0,5,0,0.11217391304347826,1
257,0,0,0,0.3682170542635659,1
295,0,0,0,0.10135135135135136,1
453,0,8,0,0.05947136563876652,1
415,0,1,0,0.08413461538461539,1
3000,0,12,7,0.09363545484838387,1
3392,0,15,1,0.020925434718538166,1
614,0,0,0,0.04390243902439024,1
1681,0,0,1,0.036860879904875146,1
301,0,4,0,0.009933774834437087,1
1250,0,13,3,0.11830535571542766,1
1328,0,0,3,0.03611738148984198,1
1787,0,5,2,0.04753914988814318,1
1186,0,0,5,0.051390058972198824,1
898,0,4,4,0.16907675194660735,1
2476,0,10,2,0.1308033911990311,1
429,0,0,0,0.08604651162790698,1
4200,0,0,1,0.07664841704356105,1
1550,0,1,0,0.037395228884590584,1
204,0,0,0,0.11707317073170732,1
658,0,0,1,0.03945371775417299,1
307,0,0,0,0.04220779220779221,1
373,0,11,1,0.25133689839572193,1
4422,0,2,58,0.06760117567262039,1
94,0,6,0,0.06315789473684211,1
2865,0,22,0,0.09455687369155617,1
920,0,4,0,0.09446254071661238,1
2132,0,18,3,0.123300515705579,1
1176,0,6,0,0.16907391673746813,1
1027,0,3,4,0.07198443579766536,1
2932,0,0,1,0.06750767132628707,1
217,0,0,0,0.06880733944954129,1
2911,0,0,1,0.06696428571428571,1
2633,0,1,3,0.159832953682612,1
16144,0,31,161,0.11694022917311861,1
423,0,0,0,0.08254716981132075,1
2479,0,10,2,0.1310483870967742,1
1833,0,8,4,0.10523446019629226,1
2128,0,17,3,0.1240018788163457,1
377,0,10,2,0.24338624338624337,1
893,0,7,4,0.07046979865771812,1
930,0,1,1,0.055853920515574654,1
914,0,2,0,0.09398907103825137,1
8467,0,22,12,0.08396315540859707,1
1181,0,13,2,0.11844331641285956,1
690,0,0,0,0.03762662807525326,1
707,0,0,0,0.08898305084745763,1
617,0,1,0,0.07605177993527508,1
2236,0,19,4,0.12919088064371928,1
1362,0,14,3,0.25972120322817316,1
491,0,1,2,0.1402439024390244,1
1562,0,11,13,0.11196417146513116,1
3290,0,4,0,0.0176238225463385,1
2137,0,17,4,0.1216089803554724,1
1949,0,6,2,0.06461538461538462,1
1412,0,4,0,0.07218683651804671,1
1258,0,1,0,0.11834789515488484,1
904,0,1,0,0.055248618784530384,1
749,0,0,1,0.05333333333333334,1
1259,0,1,1,0.12698412698412698,1
2240,0,0,0,0.05845604640785364,1
616,0,0,0,0.0940032414910859,1
531,0,3,0,0.12969924812030076,1
682,0,0,0,0.04978038067349927,1
443,0,0,0,0.05405405405405406,1
2448,0,8,0,0.06819109840751326,1
960,0,6,1,0.11342351716961499,1
284,0,0,0,0.13333333333333333,1
481,0,2,0,0.07261410788381743,1
1239,0,0,0,0.03951612903225806,1
1080,0,0,0,0.024051803885291396,1
1481,0,17,3,0.12483130904183536,1
2109,0,2,2,0.07677725118483412,1
476,0,6,0,0.13626834381551362,1
16642,0,27,19,0.04500390554587514,1
206,0,1,0,0.27053140096618356,1
264,0,0,0,0.09811320754716982,1
3407,0,6,11,0.08039906103286384,1
946,0,1,0,0.057022175290390706,1
1656,0,4,4,0.7229933614966807,1
1305,0,4,0,0.11562021439509954,1
720,0,1,0,0.49514563106796117,1
1014,0,1,0,0.03645320197044335,1
990,0,0,1,0.04137235116044399,1
1032,0,9,0,0.08615682478218781,1
224,0,0,0,0.05333333333333334,1
1256,0,0,3,0.05091487669053302,1
1016,0,0,4,0.08456243854473942,1
429,0,0,2,0.08837209302325581,1
16176,0,31,160,0.11633801075601162,1
16073,0,31,160,0.11571481896229936,1
482,0,6,0,0.10766045548654245,1
1561,0,1,0,0.03713188220230474,1
8454,0,22,12,0.08361916026020107,1
701,0,0,0,0.07977207977207977,1
1151,0,0,0,0.0234375,1
2555,0,5,18,0.03873239436619718,1
914,0,2,0,0.09398907103825137,1
2344,0,0,1,0.7292110874200426,1
418,0,0,0,0.0883054892601432,1
930,0,2,0,0.0322234156820623,1
3506,0,25,0,0.04505275163957799,1
935,0,1,0,0.06944444444444445,1
1372,0,5,1,0.09905316824471959,1
526,0,5,0,0.08349146110056926,1
748,0,0,8,0.028037383177570093,1
438,0,11,1,0.2437357630979499,1
496,0,0,0,0.022132796780684104,1
539,0,3,0,0.14074074074074075,1
622,0,6,0,0.06420545746388442,1
2974,0,10,0,0.16302521008403362,1
3126,0,2,2,0.057563159577870164,1
586,0,9,2,0.3185689948892675,1
2594,0,2,5,0.06628131021194605,1
479,0,5,1,0.05625,1
7605,0,71,13,0.04549040231396266,1
1046,0,2,3,0.024832855778414518,1
1209,0,0,2,0.10165289256198347,1
185,0,0,0,0.1827956989247312,1
1304,0,3,0,0.09885057471264368,1
3000,0,12,7,0.09363545484838387,1
1252,0,11,0,0.06624102154828412,1
342,0,0,0,0.22740524781341107,1
962,0,1,0,0.0695742471443406,1
667,0,0,0,0.05089820359281437,1
3162,0,2,2,0.060701865317736324,1
1446,0,1,0,0.10297166551485833,1
2680,0,11,0,0.08243192838493099,1
1586,0,3,2,0.10270951480781348,1
914,0,2,0,0.09398907103825137,1
3085,0,0,3,0.049902786779001944,1
2498,0,0,1,0.07322929171668667,1
2251,0,5,3,0.044849023090586145,1
581,0,0,0,0.058419243986254296,1
425,0,4,0,0.04929577464788732,1
1696,0,1,1,0.10076605774896877,1
528,0,1,0,0.11153119092627599,1
134,0,0,0,0.14814814814814814,1
2679,0,1,0,0.11865671641791045,1
1359,0,7,0,0.0625,1
1741,0,1,6,0.08668197474167623,1
16410,0,27,20,0.04460422887087929,1
949,0,2,0,0.05473684210526316,1
1508,0,10,2,0.18687872763419483,1
179,0,2,0,0.43333333333333335,1
2814,0,0,1,0.06927175843694494,1
125628,0,0,0,0.40275732513989604,1
1023,0,0,3,0.0947265625,1
1666,0,11,1,0.10437912417516497,1
3306,0,5,6,0.07408527366192924,1
3308,0,5,6,0.07343608340888486,1
6287,0,0,0,0.1273854961832061,1
1008,0,4,1,0.05054509415262636,1
1076,0,1,1,0.033426183844011144,1
23643,0,46,42,0.06809338521400778,1
1093,0,2,2,0.09872029250457039,1
955,0,12,0,0.13807531380753138,1
953,0,10,0,0.1289308176100629,1
1454,0,7,11,0.10034364261168385,1
2336,0,0,1,0.05305947796320069,1
3323,0,0,1,0.7767749699157641,1
536,0,5,2,0.048417132216014895,1
489,0,0,0,0.044897959183673466,1
800,0,0,4,0.14232209737827714,1
4168,0,8,2,0.06716238906212521,1
2281,0,1,0,0.09421560035056968,1
40499,0,0,0,0.0,1
6337,0,0,35,0.028400126222783213,0
867,0,0,0,0.0771889400921659,0
1229,0,0,0,0.06097560975609756,0
6943,0,0,35,0.030961981566820278,0
363,0,0,0,0.07417582417582418,0
6652,0,0,25,0.026604539305576432,0
915,0,0,0,0.08406113537117904,0
2557,0,0,23,0.04222048475371384,0
1177,0,0,0,0.06536502546689305,0
596,0,0,0,0.07035175879396985,0
238,0,1,0,0.058577405857740586,0
858,0,0,0,0.05820721769499418,0
300,0,3,0,0.12624584717607973,0
2360,0,1,0,0.06565014824227022,0
1049,0,2,0,0.058095238095238096,0
2259,0,0,0,0.050442477876106194,0
700,0,0,0,0.09415121255349501,0
299,0,1,0,0.09,0
1251,0,0,0,0.07907348242811502,0
621,0,0,0,0.07717041800643087,0
1457,0,0,0,0.0438957475994513,0
787,0,0,0,0.07614213197969544,0
776,0,1,0,0.13513513513513514,0
1589,0,0,0,0.04716981132075472,0
975,0,0,0,0.05942622950819672,0
1288,0,0,0,0.06671838634600466,0
1060,0,0,0,0.07445805843543826,0
1087,0,3,1,0.04411764705882353,0
980,0,1,1,0.047910295616717634,0
421,0,0,0,0.08530805687203792,0
1835,0,0,0,0.027233115468409588,0
572,0,0,0,0.07678883071553229,0
975,0,0,0,0.03483606557377049,0
939,0,0,0,0.04893617021276596,0
1226,0,0,0,0.08312958435207823,0
735,0,0,0,0.0625,0
924,0,0,0,0.06702702702702702,0
800,0,0,0,0.05742821473158552,0
710,0,0,0,0.06891701828410689,0
149,0,0,0,0.19333333333333333,0
2356,0,0,0,0.02588035638523547,0
1215,0,0,0,0.04523026315789474,0
819,0,0,0,0.06463414634146342,0
3079,0,4,0,0.04350649350649351,0
844,0,1,0,0.06982248520710059,0
3364,0,1,0,0.030312035661218425,0
571,0,0,0,0.0944055944055944,0
1099,0,0,0,0.06545454545454546,0
678,0,0,0,0.07658321060382917,0
686,0,0,0,0.06695778748180495,0
826,0,0,0,0.06529625151148731,0
579,0,0,0,0.0896551724137931,0
964,0,0,0,0.07564766839378238,0
5069,0,0,0,0.08027613412228797,0
6028,0,0,0,0.07480510864156577,0
324,0,0,0,0.12,0
632,0,0,0,0.05529225908372828,0
873,0,0,0,0.07208237986270023,0
2257,0,1,2,0.0420726306465899,0
1127,0,1,0,0.047872340425531915,0
832,0,0,0,0.07563025210084033,0
880,0,1,0,0.06696935300794551,0
1136,0,0,0,0.10026385224274406,0
2175,0,2,2,0.03630514705882353,0
330,0,0,0,0.11782477341389729,0
844,0,2,0,0.054437869822485205,0
528,0,0,0,0.06805293005671077,0
1063,0,0,0,0.07048872180451128,0
769,0,0,0,0.06103896103896104,0
801,0,0,0,0.04738154613466334,0
1715,0,12,2,0.06526806526806526,0
1726,0,2,2,0.045744064852345105,0
1024,0,0,0,0.06341463414634146,0
1166,0,1,0,0.043701799485861184,0
589,0,0,0,0.06949152542372881,0
1576,0,0,0,0.031071655041217502,0
1383,0,0,0,0.04985549132947977,0
963,0,0,0,0.046680497925311204,0
563,0,0,0,0.07446808510638298,0
986,0,3,0,0.047619047619047616,0
1123,0,0,0,0.06583629893238434,0
574,0,0,0,0.06782608695652174,0
1604,0,1,0,0.037383177570093455,0
1617,0,0,0,0.05871446229913473,0
1042,0,0,0,0.05752636625119847,0
1135,0,0,0,0.06073943661971831,0
1451,0,0,1,0.08333333333333333,0
333,0,1,0,0.10479041916167664,0
475,0,0,0,0.06932773109243698,0
762,0,0,0,0.07601572739187418,0
1086,0,0,0,0.06623735050597976,0
910,0,0,0,0.09330406147091108,0
1073,0,0,0,0.0521415270018622,0
1253,0,0,0,0.06698564593301436,0
1202,0,0,0,0.07315045719035744,0
1406,0,0,0,0.03980099502487562,0
1582,0,0,0,0.032849020846494,0
2048,0,0,0,0.08150317227916057,0
2231,0,0,0,0.01747311827956989,0
2472,0,0,2,0.04528912252325111,0
2486,0,0,0,0.02694008845999196,0
2529,0,8,0,0.06284584980237154,0
1113,0,1,0,0.03859964093357271,0
2716,0,1,2,0.05226352594773647,0
3220,0,2,2,0.03135672151505744,0
2078,0,0,0,0.0481000481000481,0
1970,0,8,0,0.06798579401319127,0
1010,0,2,0,0.06528189910979229,0
1917,0,0,2,0.048488008342022944,0
1131,0,0,0,0.0353356890459364,0
1496,0,0,0,0.03674014696058784,0
767,0,0,0,0.05078125,0
1055,0,0,0,0.048295454545454544,0
3323,0,0,0,0.052346570397111915,0
710,0,0,0,0.052039381153305204,0
1847,0,3,0,0.04816017316017316,0
4281,0,0,0,0.03035964502568893,0
1854,0,0,0,0.06091644204851752,0
1582,0,0,0,0.037271004421983576,0
782,0,0,0,0.0970625798212005,0
402,0,0,0,0.07444168734491315,0
1577,0,0,0,0.039923954372623575,0
309,0,0,0,0.08387096774193549,0
1585,0,1,4,0.0605296343001261,0
1862,0,1,0,0.04186795491143317,0
1199,0,0,0,0.045,0
265,0,0,0,0.12030075187969924,0
929,0,0,0,0.05268817204301075,0
3147,0,3,0,0.046060991105463786,0
2423,0,0,1,0.06476897689768978,0
4106,0,0,12,0.026540053567080595,0
910,0,0,10,0.05378704720087816,0
1110,0,1,0,0.05490549054905491,0
1487,0,2,1,0.04704301075268817,0
1241,0,0,0,0.10386473429951691,0
1056,0,0,0,0.0510879848628193,0
982,0,1,0,0.048830111902339775,0
488,0,0,0,0.06748466257668712,0
2902,0,0,0,0.04374784705477092,0
433,0,0,0,0.11981566820276497,0
1045,0,0,0,0.08795411089866156,0
706,0,1,0,0.14285714285714285,0
1422,0,0,0,0.059732958538299366,0
2419,0,1,0,0.048347107438016526,0
874,0,0,0,0.05142857142857143,0
2588,0,1,0,0.03901120123599845,0
2233,0,0,0,0.05371530886302596,0
540,0,1,0,0.07763401109057301,0
1012,0,0,0,0.0947680157946693,0
907,0,0,0,0.09251101321585903,0
1109,0,0,0,0.05945945945945946,0
680,0,0,0,0.05433186490455213,0
561,0,0,0,0.11921708185053381,0
1757,0,0,0,0.06484641638225255,0
1938,0,0,0,0.06962351727694688,0
366,0,0,0,0.11989100817438691,0
1150,0,0,0,0.07037358818418767,0
1169,0,0,0,0.07435897435897436,0
1235,0,0,0,0.0784789644012945,0
1197,0,0,0,0.07512520868113523,0
1049,0,0,0,0.06,0
1011,0,0,0,0.07015810276679842,0
1445,0,0,0,0.04495159059474412,0
749,0,8,0,0.10933333333333334,0
742,0,0,0,0.06729475100942127,0
1008,0,0,0,0.05847373637264618,0
474,0,1,0,0.08842105263157894,0
1227,0,0,0,0.08957654723127036,0
722,0,0,0,0.0912863070539419,0
1099,0,0,0,0.08363636363636363,0
627,0,0,0,0.08439490445859872,0
990,0,1,0,0.05852674066599395,0
762,0,0,0,0.08519003931847968,0
1133,0,0,0,0.09171075837742504,0
316,0,0,0,0.11987381703470032,0
629,0,0,0,0.13968253968253969,0
1423,0,4,3,0.03300561797752809,0
332,0,0,0,0.08108108108108109,0
378,0,0,0,0.079155672823219,0
493,0,0,0,0.08097165991902834,0
313,0,0,0,0.10828025477707007,0
272,0,0,0,0.10989010989010989,0
796,0,0,0,0.0903387703889586,0
450,0,0,0,0.07760532150776053,0
617,0,0,0,0.06796116504854369,0
958,0,0,0,0.05943691345151199,0
728,0,0,0,0.07270233196159122,0
1017,0,0,0,0.08840864440078586,0
1557,0,3,2,0.05840821566110398,0
946,0,0,0,0.06019007391763464,0
624,0,0,0,0.096,0
4281,0,0,0,0.0406352171882298,0
1398,0,0,0,0.06504646175839886,0
802,0,0,0,0.07347447073474471,0
2976,0,5,2,0.04601948270070541,0
1371,0,2,2,0.0728862973760933,0
1673,0,0,0,0.044802867383512544,0
1221,0,0,0,0.05646481178396072,0
3829,0,1,0,0.04751958224543081,0
638,0,0,0,0.08294209702660407,0
189,0,0,0,0.16842105263157894,0
914,0,0,0,0.13989071038251366,0
793,0,0,0,0.0654911838790932,0
221,0,0,0,0.16216216216216217,0
1212,0,0,0,0.03792250618301731,0
905,0,0,0,0.07947019867549669,0
333,0,0,0,0.12574850299401197,0
921,0,0,0,0.08459869848156182,0
2318,0,0,0,0.04053471323846486,0
741,0,0,0,0.07951482479784366,0
348,0,0,0,0.10888252148997135,0
809,0,0,0,0.05308641975308642,0
1927,0,0,0,0.07105809128630705,0
976,0,0,0,0.06960081883316274,0
3289,0,0,1,0.04711246200607903,0
1353,0,0,0,0.09010339734121123,0
420,0,0,0,0.1163895486935867,0
660,0,0,0,0.06505295007564296,0
1308,0,0,0,0.03666921313980138,0
422,0,0,0,0.09219858156028368,0
1176,0,0,0,0.07051826677994902,0
972,0,0,0,0.03905447070914697,0
625,0,0,0,0.07507987220447285,0
2462,0,0,0,0.048721071863580996,0
1852,0,0,0,0.04155423637344846,0
856,0,0,0,0.06884480746791131,0
881,0,0,0,0.060090702947845805,0
464,0,0,0,0.07741935483870968,0
515,0,0,0,0.07170542635658915,0
1532,0,2,0,0.05414220482713633,0
1285,0,0,0,0.0660964230171073,0
521,0,0,0,0.09578544061302682,0
1652,0,0,0,0.07199032062915911,0
1475,0,0,0,0.044715447154471545,0
641,0,0,0,0.08566978193146417,0
386,0,0,0,0.13178294573643412,0
1169,0,0,0,0.05641025641025641,0
1775,0,3,0,0.05630630630630631,0
1307,0,0,0,0.0581039755351682,0
1028,0,2,0,0.047619047619047616,0
819,0,0,0,0.06585365853658537,0
1688,0,1,3,0.046181172291296625,0
1120,0,0,0,0.04727921498661909,0
419,0,0,0,0.08333333333333333,0
2336,0,3,0,0.05434317501069748,0
1355,0,1,0,0.05457227138643068,0
610,0,0,0,0.058919803600654665,0
1857,0,3,0,0.03283100107642627,0
574,0,0,0,0.07130434782608695,0
1244,0,0,0,0.06907630522088354,0
1531,0,0,0,0.07049608355091384,0
1696,0,0,0,0.1614614024749558,0
780,0,0,0,0.058898847631242,0
777,0,0,0,0.09640102827763496,0
1641,0,0,0,0.07247259439707673,0
2269,0,0,0,0.04185022026431718,0
1148,0,0,0,0.060922541340295906,0
697,0,0,0,0.044412607449856735,0
1448,0,1,0,0.06349206349206349,0
1179,0,0,0,0.059322033898305086,0
1070,0,0,0,0.051353874883286646,0
1139,0,0,0,0.07894736842105263,0
828,0,0,0,0.09529553679131483,0
1933,0,0,0,0.06359875904860393,0
889,0,0,0,0.07640449438202247,0
1867,0,0,0,0.059421841541755886,0
773,0,0,0,0.08785529715762273,0
659,0,0,2,0.06666666666666667,0
2436,0,1,0,0.039803036520311856,0
1172,0,0,2,0.0443307757885763,0
304,0,2,0,0.10491803278688525,0
863,0,0,0,0.06597222222222222,0
611,0,0,1,0.12418300653594772,0
2422,0,2,0,0.04292199752373091,0
1191,0,0,0,0.05453020134228188,0
707,0,1,0,0.07203389830508475,0
1844,0,0,0,0.04552845528455285,0
1012,0,0,0,0.05133267522211254,0
1664,0,0,0,0.06366366366366366,0
523,0,2,0,0.09351145038167939,0
1395,0,0,0,0.04369627507163324,0
1079,0,0,0,0.04259259259259259,0
465,0,0,0,0.11373390557939914,0
1046,0,0,0,0.06685768863419293,0
1182,0,0,0,0.05917159763313609,0
1281,0,0,0,0.0421216848673947,0
819,0,0,0,0.045121951219512194,0
1278,0,0,0,0.0656763096168882,0
874,0,0,0,0.053714285714285714,0
658,0,0,0,0.07283763277693475,0
1041,0,0,0,0.11036468330134357,0
857,0,0,0,0.05011655011655012,0
835,0,0,0,0.03708133971291866,0
648,0,0,0,0.046224961479198766,0
453,0,0,0,0.0881057268722467,0
523,0,0,0,0.09923664122137404,0
803,0,0,0,0.06467661691542288,0
1059,0,0,0,0.17547169811320754,0
1751,0,2,0,0.03424657534246575,0
792,0,1,0,0.058007566204287514,0
1054,0,0,0,0.06635071090047394,0
868,0,1,0,0.07940161104718067,0
1644,0,2,0,0.035866261398176294,0
566,0,0,0,0.10758377425044091,0
534,0,0,0,0.08411214953271028,0
808,0,1,0,0.05315203955500618,0
918,0,0,0,0.06420021762785637,0
1020,0,0,0,0.08129285014691479,0
765,0,0,0,0.06788511749347259,0
793,0,0,0,0.08816120906801007,0
2406,0,0,0,0.05151641046946406,0
1179,0,0,0,0.043220338983050846,0
1119,0,0,0,0.07589285714285714,0
684,0,0,0,0.0905109489051095,0
988,0,0,0,0.05864509605662285,0
630,0,0,0,0.06973058637083994,0
586,0,4,0,0.07495741056218058,0
465,0,4,0,0.1072961373390558,0
461,0,2,0,0.07142857142857142,0
805,0,3,0,0.05707196029776675,0
444,0,0,0,0.07191011235955057,0
566,0,0,0,0.09700176366843033,0
335,0,0,0,0.16071428571428573,0
529,0,1,0,0.08490566037735849,0
2455,0,0,0,0.03868078175895766,0
3069,0,0,0,0.048534201954397393,0
780,0,1,0,0.07682458386683738,0
441,0,0,0,0.10407239819004525,0
279,0,2,0,0.11428571428571428,0
554,0,1,0,0.09549549549549549,0
648,0,2,0,0.07395993836671803,0
589,0,0,0,0.07796610169491526,0
458,0,1,0,0.08061002178649238,0
887,0,1,0,0.059684684684684686,0
956,0,1,0,0.07001044932079414,0
1460,0,0,0,0.08281998631074607,0
975,0,0,0,0.08196721311475409,0
1146,0,6,0,0.05143853530950305,0
751,0,0,0,0.06914893617021277,0
924,0,3,0,0.06702702702702702,0
1580,0,4,0,0.06704617330803289,0
794,0,0,0,0.08679245283018867,0
3455,0,1,0,0.057291666666666664,0
2523,0,0,0,0.09231378763866878,0
859,0,2,0,0.05,0
688,0,0,0,0.05660377358490566,0
830,0,3,0,0.0950661853188929,0
651,0,0,0,0.09969325153374232,0
378,0,0,0,0.12928759894459102,0
667,0,0,0,0.06437125748502993,0
832,0,0,0,0.10324129651860744,0
882,0,0,0,0.10419026047565119,0
3820,0,0,0,0.051295472389426854,0
1008,0,0,0,0.0753221010901883,0
2330,0,8,0,0.05577005577005577,0
1178,0,0,0,0.0542832909245123,0
4341,0,4,0,0.04790419161676647,0
2862,0,1,0,0.03981837233670975,0
2523,0,0,0,0.0277337559429477,0
8443,0,1,0,0.04085741354808148,0
1530,0,0,0,0.05551926845199216,0
582,0,0,0,0.10806174957118353,0
1820,0,0,0,0.05271828665568369,0
800,0,0,0,0.05742821473158552,0
1008,0,0,0,0.05649157581764123,0
861,0,0,0,0.06612529002320186,0
770,0,0,0,0.058365758754863814,0
1127,0,0,4,0.08776595744680851,0
409,0,0,0,0.1073170731707317,0
455,0,0,0,0.08333333333333333,0
2122,0,0,0,0.06547338671691004,0
846,0,0,0,0.06729634002361275,0
671,0,0,0,0.06398809523809523,0
301,0,0,0,0.11258278145695365,0
920,0,0,0,0.06948968512486428,0
621,0,0,0,0.07395498392282958,0
522,0,0,0,0.07839388145315487,0
276,0,0,0,0.1263537906137184,0
344,0,0,0,0.1246376811594203,0
1000,0,1,0,0.0989010989010989,0
2674,0,1,0,0.037383177570093455,0
443,0,1,0,0.08783783783783784,0
706,0,0,0,0.1188118811881188,0
579,0,1,0,0.07758620689655173,0
631,0,1,0,0.07753164556962025,0
455,0,1,0,0.07017543859649122,0
1211,0,0,0,0.0594059405940594,0
477,0,0,0,0.08158995815899582,0
846,0,0,0,0.08382526564344746,0
510,0,3,0,0.12720156555772993,0
462,0,3,0,0.13390928725701945,0
1089,0,0,0,0.05229357798165138,0
327,0,0,0,0.10670731707317073,0
1219,0,0,0,0.040983606557377046,0
258,0,0,0,0.1583011583011583,0
462,0,0,0,0.13174946004319654,0
520,0,0,0,0.09980806142034548,0
1572,0,1,0,0.04895104895104895,0
365,0,1,0,0.13387978142076504,0
589,0,0,0,0.1016949152542373,0
2992,0,7,0,0.0414300033411293,0
1093,0,0,0,0.05758683729433273,0
284,0,0,0,0.12631578947368421,0
442,0,0,0,0.09706546275395034,0
227,0,0,0,0.14473684210526316,0
343,0,0,0,0.09883720930232558,0
1331,0,0,0,0.044294294294294295,0
637,0,0,0,0.08934169278996865,0
774,0,0,0,0.08129032258064516,0
434,0,0,0,0.09655172413793103,0
2238,0,0,0,0.027244305493523895,0
5917,0,6,0,0.04613044947617438,0
227,0,0,0,0.14912280701754385,0
595,0,1,1,0.09060402684563758,0
355,0,0,0,0.0898876404494382,0
902,0,1,0,0.10188261351052048,0
247,0,0,0,0.13306451612903225,0
791,0,0,0,0.08585858585858586,0
390,0,1,0,0.10485933503836317,0
597,0,0,0,0.10869565217391304,0
791,0,1,0,0.08207070707070707,0
602,0,1,0,0.1011608623548922,0
645,0,1,0,0.07894736842105263,0
292,0,0,0,0.14334470989761092,0
841,0,0,0,0.047505938242280284,0
1116,0,0,0,0.06803939122649955,0
957,0,0,0,0.054279749478079335,0
1358,0,0,0,0.07431935246504782,0
347,0,0,0,0.09195402298850575,0
1841,0,0,0,0.06188925081433225,0
1279,0,0,0,0.05,0
2482,0,0,0,0.12001610954490535,0
844,0,0,0,0.06863905325443787,0
1650,0,0,0,0.05511811023622047,0
3523,0,0,0,0.05448354143019296,0
590,0,0,6,0.18104906937394247,0
277,0,0,0,0.10071942446043165,0
826,0,0,0,0.06529625151148731,0
996,0,0,6,0.13039117352056168,0
543,0,0,0,0.11580882352941177,0
846,0,2,0,0.07674144037780402,0
1448,0,1,11,0.08143547273982056,0
370,0,0,0,0.0889487870619946,0
1040,0,0,5,0.0941402497598463,0
1001,0,0,5,0.09580838323353294,0
949,0,0,0,0.08736842105263158,0
546,0,0,0,0.06946983546617916,0
605,0,5,0,0.08415841584158416,0
691,0,1,0,0.059248554913294796,0
810,0,0,0,0.08384710234278668,0
1009,0,0,4,0.06831683168316832,0
1891,0,0,0,0.039112050739957716,0
1301,0,0,0,0.03917050691244239,0
1350,0,1,0,0.04885270170244264,0
973,0,1,0,0.058521560574948665,0
1154,0,0,0,0.0735930735930736,0
747,0,0,0,0.10160427807486631,0
1205,0,0,0,0.07296849087893864,0
1478,0,2,0,0.06896551724137931,0
866,0,5,0,0.07035755478662054,0
706,0,0,0,0.07355021216407355,0
853,0,0,0,0.06557377049180328,0
1289,0,0,0,0.07441860465116279,0
1113,0,1,0,0.0296229802513465,0
688,0,0,0,0.06095791001451379,0
609,0,0,0,0.10163934426229508,0
870,0,0,0,0.07577497129735936,0
414,0,0,0,0.10120481927710843,0
404,0,0,0,0.09135802469135802,0
275,0,0,0,0.11594202898550725,0
1133,0,1,0,0.0582010582010582,0
1415,0,0,0,0.05649717514124294,0
397,0,0,0,0.13819095477386933,0
358,0,0,0,0.06963788300835655,0
241,0,0,0,0.15289256198347106,0
1294,0,1,0,0.043243243243243246,0
1360,0,1,0,0.04188096987509184,0
463,0,1,0,0.10129310344827586,0
660,0,3,0,0.08472012102874432,0
1189,0,1,0,0.05798319327731093,0
1291,0,0,0,0.08746130030959752,0
325,0,0,0,0.11042944785276074,0
1562,0,0,0,0.15738963531669867,0
978,0,1,0,0.03779366700715015,0
1423,0,0,0,0.05407303370786517,0
3316,0,1,0,0.0964727163099186,0
322,0,1,0,0.09287925696594428,0
308,0,1,0,0.09385113268608414,0
765,0,0,0,0.06788511749347259,0
327,0,1,0,0.10060975609756098,0
330,0,0,0,0.0755287009063444,0
836,0,0,0,0.04540023894862605,0
1643,0,0,0,0.04440389294403893,0
2100,0,0,0,0.05045216563541171,0
3137,0,0,0,0.04525175270873168,0
3743,0,3,0,0.046474358974358976,0
422,0,3,0,0.06855791962174941,0
506,0,0,0,0.08875739644970414,0
1648,0,0,0,0.08429351121892056,0
520,0,0,0,0.09404990403071017,0
639,0,2,0,0.0765625,0
853,0,2,0,0.08313817330210772,0
582,0,0,0,0.08061749571183534,0
1014,0,0,0,0.06600985221674877,0
378,0,0,0,0.14511873350923482,0
724,0,0,0,0.11448275862068966,0
847,0,1,0,0.049528301886792456,0
342,0,1,0,0.05830903790087463,0
606,0,0,0,0.07742998352553541,0
420,0,0,0,0.06413301662707839,0
489,0,0,0,0.05714285714285714,0
680,0,3,0,0.07488986784140969,0
1231,0,0,0,0.08198051948051949,0
950,0,0,0,0.09989484752891693,0
886,0,0,0,0.04735062006764374,0
854,0,0,0,0.08771929824561403,0
859,0,1,0,0.10348837209302325,0
879,0,0,0,0.1806818181818182,0
974,0,1,0,0.10051282051282051,0
656,0,0,0,0.0578386605783866,0
11416,0,1,0,0.03424717526495577,0
1186,0,1,0,0.051390058972198824,0
1283,0,0,0,0.06386292834890965,0
1596,0,1,0,0.051972448340638695,0
1187,0,1,0,0.046296296296296294,0
684,0,2,0,0.08175182481751825,0
579,0,0,0,0.07758620689655173,0
797,0,1,0,0.06140350877192982,0
1103,0,0,0,0.04710144927536232,0
835,0,1,0,0.04784688995215311,0
932,0,0,0,0.03322615219721329,0
690,0,0,0,0.06512301013024602,0
1322,0,2,0,0.045351473922902494,0
1689,0,1,0,0.03727810650887574,0
1289,0,1,0,0.05891472868217054,0
780,0,4,0,0.05377720870678617,0
959,0,0,0,0.03958333333333333,0
1458,0,0,0,0.037011651816312545,0
1749,0,0,0,0.04971428571428571,0
1748,0,1,0,0.06632361349342482,0
1006,0,3,0,0.05461767626613704,0
2050,0,7,0,0.0628961482203803,0
2374,0,2,0,0.03326315789473684,0
1458,0,2,0,0.07950651130911583,0
2384,0,4,0,0.061635220125786164,0
592,0,1,0,0.06239460370994941,0
1005,0,0,0,0.030815109343936383,0
677,0,0,0,0.07374631268436578,0
475,0,0,0,0.04831932773109244,0
1499,0,0,0,0.034666666666666665,0
1199,0,0,0,0.04666666666666667,0
1425,0,1,0,0.023842917251051893,0
1275,0,1,0,0.02586206896551724,0
1342,0,1,0,0.0379746835443038,0
4776,0,1,0,0.029097760100481474,0
622,0,0,0,0.028892455858747994,0
1848,0,0,0,0.030827474310438075,0
4715,0,0,2,0.09202714164546226,0
3533,0,0,1,0.10243350311262026,0
1342,0,1,0,0.12137006701414743,0
520,0,0,0,0.036468330134357005,0
750,0,1,0,0.06391478029294274,0
538,0,0,0,0.04638218923933209,0
1024,0,0,0,0.0624390243902439,0
2047,0,0,0,0.03271484375,0
886,0,0,0,0.033821871476888386,0
2221,0,0,0,0.03195319531953195,0
913,0,0,2,0.03938730853391685,0
529,0,0,0,0.04339622641509434,0
440,0,0,0,0.015873015873015872,0
633,0,0,0,0.0473186119873817,0
1493,0,0,0,0.013386880856760375,0
779,0,0,0,0.06153846153846154,0
1049,0,0,0,0.058095238095238096,0
1614,0,0,0,0.06253869969040247,0
453,0,0,0,0.05066079295154185,0
1855,0,0,0,0.05603448275862069,0
1757,0,0,0,0.04379977246871445,0
2302,0,0,0,0.060356057316543636,0
2918,0,0,0,0.06337786913326482,0
1524,0,1,0,0.05573770491803279,0
6215,0,0,0,0.04584942084942085,0
1003,0,0,0,0.07768924302788845,0
5684,0,0,0,0.04221635883905013,0
1609,0,0,0,0.05217391304347826,0
2003,0,1,0,0.04740518962075848,0
1259,0,0,0,0.0380952380952381,0
2121,0,0,0,0.08105560791705937,0
924,0,0,0,0.1437837837837838,0
1193,0,0,0,0.03936348408710218,0
1399,0,0,0,0.04428571428571428,0
1191,0,0,0,0.03355704697986577,0
2392,0,1,0,0.03928123694107814,0
1761,0,2,0,0.048240635641316684,0
1773,0,0,0,0.09413754227733935,0
1557,0,0,0,0.028241335044929396,0
401,0,0,2,0.06218905472636816,0
1041,0,0,0,0.03550863723608445,0
2445,0,1,1,0.037203597710547834,0
2009,0,0,0,0.04328358208955224,0
967,0,0,0,0.06301652892561983,0
521,0,0,0,0.04980842911877394,0
1108,0,0,0,0.026149684400360685,0
813,0,0,0,0.07616707616707617,0
460,0,0,0,0.049891540130151846,0
2291,0,0,0,0.028359511343804537,0
734,0,0,0,0.05442176870748299,0
404,0,0,0,0.024691358024691357,0
4407,0,1,0,0.020644283121597096,0
1047,0,1,0,0.05629770992366412,0
1367,0,0,0,0.03289473684210526,0
2085,0,1,0,0.02444870565675935,0
704,0,1,0,0.04822695035460993,0
2454,0,1,0,0.018737270875763747,0
1082,0,1,0,0.029547553093259463,0
1800,0,1,0,0.04886174347584675,0
2533,0,1,0,0.029597474348855565,0
2813,0,1,0,0.02914001421464108,0
2195,0,1,1,0.04781420765027322,0
1434,0,1,1,0.06968641114982578,0
3137,0,2,0,0.020395156150414276,0
5724,0,3,38,0.023930131004366813,0
1770,0,1,0,0.024280067758328628,0
1029,0,1,0,0.04854368932038835,0
957,0,1,0,0.04801670146137787,0
3363,0,3,0,0.0624256837098692,0
1424,0,1,0,0.0343859649122807,0
795,0,1,0,0.07788944723618091,0
973,0,1,0,0.07494866529774127,0
1253,0,3,0,0.07097288676236045,0
1757,0,1,0,0.04550625711035267,0
1946,0,2,0,0.05084745762711865,0
1037,0,2,0,0.05202312138728324,0
2408,0,2,0,0.052303860523038606,0
804,0,1,0,0.055900621118012424,0
968,0,1,0,0.03199174406604747,0
1033,0,1,0,0.045454545454545456,0
455,0,0,0,0.03728070175438596,0
4322,0,1,0,0.018505667360629193,0
6019,0,1,0,0.019767441860465116,0
1623,0,1,0,0.0332512315270936,0
4024,0,3,3,0.06409937888198758,0
3187,0,1,0,0.01819322459222083,0
2680,0,3,0,0.09399477806788512,0
3432,0,4,0,0.08272647829886397,0
1086,0,1,0,0.04875804967801288,0
1448,0,2,0,0.062111801242236024,0
279,0,0,0,0.060714285714285714,0
2413,0,1,0,0.03189726594863297,0
2507,0,1,0,0.04864433811802233,0
1899,0,1,0,0.049473684210526316,0
2002,0,1,0,0.044932601098352475,0
707,0,1,0,0.07344632768361582,0
3011,0,2,0,0.06341301460823373,0
579,0,4,0,0.07586206896551724,0
893,0,1,0,0.06935123042505593,0
466,0,1,1,0.09421841541755889,0
17310,0,5,0,0.036277511408930735,0
5383,0,3,1,0.06092124814264487,0
4260,0,2,0,0.06594696080732222,0
4215,0,2,0,0.08088235294117647,0
7812,0,0,4,0.021246640215026237,0
6169,0,4,0,0.14910858995137763,0
2454,0,1,0,0.10712830957230142,0
550,0,0,0,0.07441016333938294,0
453,0,0,0,0.05947136563876652,0
733,0,0,0,0.05313351498637602,0
46,0,0,0,0.2553191489361702,0
548,0,0,0,0.04553734061930783,0
110,0,0,0,0.0990990990990991,0
1055,0,0,0,0.021780303030303032,0
839,0,0,0,0.07380952380952381,0
705,0,0,0,0.060906515580736544,0
3178,0,1,0,0.06259830135262662,0
1521,0,0,1,0.04139290407358739,0
1489,0,2,0,0.0436241610738255,0
1877,0,0,0,0.05750798722044728,0
703,0,0,0,0.05965909090909091,0
755,0,0,0,0.07671957671957672,0
389,0,0,0,0.08461538461538462,0
1749,0,0,0,0.045714285714285714,0
2080,0,1,8,0.03940413262854397,0
825,0,0,0,0.059322033898305086,0
1626,0,0,0,0.03810694529809465,0
1476,0,0,0,0.04536222071767095,0
1122,0,0,2,0.04007123775601069,0
2249,0,0,2,0.05288888888888889,0
23628,0,1,1,0.031063523636209744,0
13915,0,0,1,0.03722334004024145,0
17696,0,1,0,0.03413007854438605,0
221,0,0,0,0.04054054054054054,0
402,0,0,0,0.04218362282878412,0
755,0,0,0,0.082010582010582,0
1027,0,0,3,0.07003891050583658,0
1194,0,0,5,0.07698744769874477,0
369,0,0,0,0.07567567567567568,0
1431,0,6,0,0.055167597765363126,0
454,0,1,0,0.06593406593406594,0
1889,0,2,1,0.05502645502645503,0
1081,0,0,0,0.06561922365988909,0
1452,0,0,0,0.031658637302133516,0
293,0,2,0,0.07142857142857142,0
1179,0,0,0,0.043220338983050846,0
7176,0,0,0,0.042775532952487115,0
347,0,2,0,0.07471264367816093,0
183,0,2,0,0.14130434782608695,0
547,0,0,0,0.03102189781021898,0
323,0,0,0,0.05555555555555555,0
567,0,1,0,0.06338028169014084,0
601,0,0,0,0.03986710963455149,0
1165,0,0,0,0.05660377358490566,0
3516,0,2,0,0.03952232015922661,0
536,0,0,3,0.1191806331471136,0
3172,0,0,0,0.06523794516230697,0
675,0,0,1,0.08284023668639054,0
1130,0,0,0,0.03978779840848806,0
1401,0,0,0,0.05991440798858773,0
367,0,0,0,0.07608695652173914,0
5346,0,0,13,0.04937348045633065,0
625,0,0,0,0.08945686900958466,0
850,0,0,0,0.04465334900117509,0
293,0,0,0,0.07482993197278912,0
456,0,0,0,0.08096280087527352,0
161,0,0,0,0.12345679012345678,0
1163,0,0,0,0.02663230240549828,0
663,0,1,0,0.0391566265060241,0
1028,0,0,0,0.043731778425655975,0
1194,0,0,0,0.042677824267782424,0
1737,0,0,0,0.0333716915995397,0
724,0,0,0,0.057931034482758624,0
1053,0,0,0,0.0683111954459203,0
1299,0,0,0,0.1676923076923077,0
227,0,0,0,0.10964912280701754,0
518,0,0,0,0.10789980732177264,0
618,0,0,0,0.1147011308562197,0
418,0,0,0,0.10023866348448687,0
2582,0,4,0,0.06078203639179249,0
8489,0,0,7,0.0287396937573616,0
7655,0,1,2,0.028343782654127483,0
930,0,0,0,0.06229860365198711,0
7159,0,0,0,0.02835195530726257,0
781,0,0,0,0.06649616368286446,0
107,0,0,0,0.1388888888888889,0
1378,0,0,0,0.044960116026105876,0
1610,0,0,0,0.04779639975170701,0
376,0,0,1,0.034482758620689655,0
319,0,0,0,0.040625,0
1116,0,0,0,0.05640107430617726,0
1076,0,0,0,0.033426183844011144,0
60,0,0,0,0.21311475409836064,0
386,0,0,0,0.06718346253229975,0
435,0,0,0,0.05504587155963303,0
523,0,0,0,0.06870229007633588,0
716,0,0,0,0.0599721059972106,0
980,0,0,0,0.05708460754332314,0
552,0,1,0,0.05063291139240506,0
2314,0,0,0,0.04362850971922246,0
786,0,3,0,0.043202033036848796,0
243,0,0,0,0.04918032786885246,0
499,0,0,0,0.058,0
545,0,0,0,0.045787545787545784,0
235,0,0,0,0.059322033898305086,0
545,0,1,0,0.038461538461538464,0
387,0,0,0,0.05670103092783505,0
1065,0,0,0,0.06285178236397748,0
853,0,1,0,0.03395784543325527,0
1434,0,0,0,0.050174216027874564,0
681,0,0,0,0.03812316715542522,0
654,0,0,0,0.061068702290076333,0
206,0,1,0,0.0966183574879227,0
3266,0,0,0,0.03764921946740129,0
554,0,0,0,0.08648648648648649,0
527,0,0,0,0.056818181818181816,0
402,0,1,0,0.05707196029776675,0
753,0,0,0,0.054376657824933686,0
475,0,1,0,0.037815126050420166,0
781,0,1,0,0.056265984654731455,0
435,0,1,0,0.05045871559633028,0
3032,0,0,1,0.024398285525881965,0
445,0,0,0,0.053811659192825115,0
614,0,1,2,0.05365853658536585,0
236,0,0,0,0.07172995780590717,0
662,0,0,0,0.07088989441930618,0
622,0,0,0,0.04012841091492777,0
1304,0,0,0,0.03984674329501916,0
538,0,0,0,0.05009276437847866,0
482,0,0,0,0.049689440993788817,0
924,0,0,0,0.04864864864864865,0
334,0,0,0,0.0626865671641791,0
873,0,1,0,0.04004576659038902,0
279,0,0,0,0.10714285714285714,0
729,0,0,0,0.04246575342465753,0
473,0,0,0,0.04219409282700422,0
297,0,0,3,0.10067114093959731,0
299,0,0,0,0.08,0
289,0,0,0,0.08275862068965517,0
688,0,0,0,0.055152394775036286,0
898,0,0,3,0.06451612903225806,0
517,0,3,2,0.13320463320463322,0
137,0,0,0,0.12318840579710146,0
288,0,0,0,0.10034602076124567,0
419,0,0,0,0.06904761904761905,0
309,0,0,0,0.04838709677419355,0
211,0,0,0,0.08962264150943396,0
187,0,0,0,0.06382978723404255,0
10617,0,1,6,0.023450744019589378,0
31203,0,1,0,0.022753493141904883,0
1016,0,0,0,0.03638151425762045,0
472,0,1,0,0.08456659619450317,0
917,0,0,0,0.05991285403050109,0
3624,0,15,0,0.05351724137931035,0
1169,0,1,0,0.046153846153846156,0
1044,0,1,0,0.05071770334928229,0
3849,0,4,0,0.035844155844155845,0
98,0,0,0,0.09090909090909091,0
681,0,1,0,0.07771260997067449,0
1028,0,0,0,0.03206997084548105,0
1599,0,1,0,0.041875,0
1247,0,0,0,0.029647435897435896,0
389,0,0,0,0.08717948717948718,0
542,0,0,0,0.040515653775322284,0
428,0,0,0,0.04895104895104895,0
860,0,0,0,0.04065040650406504,0
9418,0,0,0,0.02123367661110521,0
1055,0,0,0,0.05587121212121212,0
855,0,0,0,0.03387850467289719,0
1950,0,0,0,0.030753459764223477,0
1206,0,0,0,0.01739850869925435,0
558,0,0,0,0.03935599284436494,0
1079,0,0,0,0.018518518518518517,0
277,0,0,0,0.07913669064748201,0
1060,0,0,0,0.14420358152686144,0
1109,0,0,0,0.03153153153153153,0
1289,0,5,0,0.021705426356589147,0
1628,0,2,0,0.021485573971761818,0
2600,0,13,0,0.05651672433679354,0
222,0,12,0,0.04932735426008968,0
317,0,1,0,0.040880503144654086,0
483,0,1,0,0.05371900826446281,0
327,0,0,0,0.06707317073170732,0
830,0,0,0,0.0457280385078219,0
928,0,0,0,0.03552206673842842,0
206,0,0,0,0.09178743961352658,0
332,0,0,0,0.05405405405405406,0
1069,0,0,0,0.028037383177570093,0
296,0,0,0,0.050505050505050504,0
3021,0,0,0,0.023494374586366645,0
2745,0,0,0,0.024763292061179897,0
2231,0,3,0,0.029121863799283155,0
453,0,0,0,0.05286343612334802,0
2053,0,3,0,0.06134371957156767,0
520,0,0,1,0.1017274472168906,0
229,0,0,0,0.13043478260869565,0
1363,0,0,0,0.03372434017595308,0
963,0,0,0,0.028008298755186723,0
434,0,0,0,0.08275862068965517,0
1016,0,0,0,0.02753195673549656,0
643,0,3,0,0.06521739130434782,0
756,0,0,0,0.06605019815059446,0
443,0,0,0,0.10135135135135136,0
408,0,0,0,0.08312958435207823,0
1036,0,0,0,0.019286403085824494,0
6692,0,0,0,0.03690422829822202,0
1882,0,0,3,0.03929899097185342,0
565,0,0,0,0.07243816254416961,0
305,0,0,0,0.0784313725490196,0
548,0,0,0,0.06375227686703097,0
2700,0,0,0,0.021473528322843393,0
1577,0,0,0,0.014575411913814956,0
282,0,0,0,0.06713780918727916,0
268,0,1,0,0.04460966542750929,0
744,0,1,0,0.02953020134228188,0
1886,0,1,0,0.029146793852676205,0
791,0,0,0,0.05555555555555555,0
586,0,0,0,0.059625212947189095,0
1208,0,0,0,0.019851116625310174,0
4691,0,1,0,0.06159420289855073,0
4165,0,0,0,0.01728276524243879,0
728,0,0,0,0.037037037037037035,0
2392,0,0,1,0.04638529043042206,0
774,0,0,0,0.027096774193548386,0
835,0,0,0,0.06339712918660287,0
2009,0,0,0,0.044278606965174126,0
551,0,0,0,0.06884057971014493,0
379,0,0,0,0.07368421052631578,0
1599,0,0,0,0.03625,0
1144,0,0,0,0.03842794759825328,0
1728,0,1,0,0.016194331983805668,0
563,0,0,0,0.0425531914893617,0
1321,0,0,0,0.028744326777609682,0
5427,0,2,0,0.0237656595431098,0
442,0,0,0,0.033860045146726865,0
521,0,0,0,0.09386973180076628,0
2086,0,1,0,0.035936751317680884,0
1477,0,0,0,0.05142083897158322,0
2897,0,0,0,0.038302277432712216,0
1118,0,0,0,0.035746201966041107,0
1366,0,0,0,0.04974396488661302,0
697,0,0,0,0.04871060171919771,0
372,0,0,0,0.08579088471849866,0
900,0,0,0,0.04661487236403995,0
740,0,0,0,0.018893387314439947,0
3349,0,0,0,0.028358208955223882,0
3514,0,0,1,0.03812233285917496,0
3480,0,0,0,0.02987647227808101,0
1626,0,0,0,0.054087277197295634,0
89,0,0,0,0.1111111111111111,0
2895,0,0,0,0.029696132596685083,0
369,0,1,0,0.08108108108108109,0
879,0,2,0,0.06136363636363636,0
473,0,1,0,0.09071729957805907,0
688,0,2,0,0.055152394775036286,0
1368,0,2,0,0.03214024835646457,0
735,0,1,0,0.05434782608695652,0
262,0,0,0,0.07984790874524715,0
765,0,0,0,0.033942558746736295,0
438,0,0,0,0.04555808656036447,0
651,0,0,0,0.05521472392638037,0
1333,0,2,0,0.03298350824587706,0
957,0,0,0,0.032359081419624215,0
1139,0,0,1,0.04298245614035088,0
2146,0,1,0,0.043782021425244524,0
1159,0,0,0,0.04655172413793104,0
420,0,0,0,0.06175771971496437,0
1780,0,0,3,0.01909039865244245,0
335,0,0,0,0.09523809523809523,0
933,0,0,0,0.03961456102783726,0
2473,0,0,1,0.06588520614389652,0
1428,0,0,0,0.023792862141357594,0
1664,0,0,0,0.03183183183183183,0
151,0,1,0,0.28289473684210525,0
2615,0,1,0,0.030198776758409786,0
549,0,0,0,0.05090909090909091,0
1764,0,0,0,0.025495750708215296,0
901,0,0,0,0.06873614190687362,0
1007,0,0,0,0.04265873015873016,0
492,0,0,0,0.030425963488843813,0
606,0,0,0,0.0214168039538715,0
951,0,1,0,0.04726890756302521,0
95,0,0,0,0.10416666666666667,0
1032,0,0,0,0.05324298160696999,0
413,0,0,0,0.07729468599033816,0
841,0,0,0,0.04156769596199525,0
652,0,0,0,0.05666156202143951,0
340,0,0,0,0.0469208211143695,0
1464,0,0,0,0.05255972696245734,0
545,0,1,0,0.054945054945054944,0
515,0,0,0,0.06201550387596899,0
2423,0,0,0,0.03341584158415842,0
218,0,0,0,0.1232876712328767,0
1604,0,0,0,0.06355140186915888,0
2843,0,0,0,0.02180028129395218,0
261,0,0,0,0.0648854961832061,0
1938,0,1,0,0.03455389375966993,0
365,0,1,0,0.11748633879781421,0
893,0,1,0,0.06263982102908278,0
136,0,0,0,0.072992700729927,0
1143,0,0,3,0.06818181818181818,0
22656,0,0,1,0.027673566668137882,0
4300,0,0,2,0.04603580562659847,0
219,0,0,0,0.06818181818181818,0
1381,0,0,0,0.020260492040520984,0
676,0,0,0,0.07680945347119646,0
334,0,0,0,0.09850746268656717,0
308,0,0,0,0.09385113268608414,0
91,0,0,0,0.11956521739130435,0
536,0,0,0,0.07076350093109869,0
448,0,1,0,0.0801781737193764,0
258,0,0,0,0.0888030888030888,0
805,0,0,0,0.05707196029776675,0
2996,0,3,0,0.025025025025025027,0
216,0,0,0,0.07373271889400922,0
957,0,0,0,0.04384133611691023,0
1310,0,0,0,0.041189931350114416,0
671,0,2,0,0.052083333333333336,0
221,0,0,0,0.04504504504504504,0
1791,0,0,0,0.04017857142857143,0
265,0,0,0,0.05639097744360902,0
2261,0,2,0,0.03580901856763926,0
493,0,2,0,0.05465587044534413,0
720,0,1,0,0.06796116504854369,0
379,0,0,0,0.05526315789473684,0
2231,0,2,0,0.0246415770609319,0
334,0,0,0,0.05373134328358209,0
829,0,1,0,0.03253012048192771,0
1446,0,1,0,0.017277125086385625,0
737,0,1,0,0.06233062330623306,0
701,0,1,0,0.06552706552706553,0
1881,0,0,0,0.021253985122210415,0
967,0,0,0,0.01962809917355372,0
591,0,0,0,0.033783783783783786,0
1102,0,0,0,0.016319129646418858,0
341,0,0,0,0.043859649122807015,0
563,0,0,0,0.028368794326241134,0
1050,0,0,0,0.019029495718363463,0
613,0,0,0,0.05863192182410423,0
766,0,0,0,0.03259452411994785,0
2326,0,0,0,0.06274172754619682,0
6250,0,0,0,0.048472244440889455,0
430,0,0,0,0.06728538283062645,0
1025,0,0,0,0.04873294346978557,0
665,0,0,0,0.07207207207207207,0
1371,0,0,0,0.07653061224489796,0
1907,0,0,0,0.09643605870020965,0
784,0,0,0,0.035668789808917196,0
1553,0,0,0,0.10617760617760617,0
364,0,0,0,0.06301369863013699,0
16136,0,3,18,0.06804238706079196,0
759,0,0,0,0.05394736842105263,0
1727,0,2,2,0.03761574074074074,0
3166,0,2,2,0.031575623618566466,0
10087,0,0,3,0.031522601110229975,0
1722,0,1,0,0.04526987811955891,0
299,0,0,0,0.05333333333333334,0
971,0,0,0,0.04526748971193416,0
812,0,0,0,0.03444034440344403,0
1256,0,0,0,0.01988862370723946,0
3865,0,0,0,0.025349198137609934,0
5850,0,0,0,0.016749273628439584,0
611,0,2,0,0.08006535947712418,0
319,0,0,0,0.05625,0
409,0,0,0,0.06585365853658537,0
776,0,0,0,0.09009009009009009,0
1319,0,0,0,0.058333333333333334,0
1023,0,0,0,0.0419921875,0
846,0,0,0,0.1038961038961039,0
903,0,0,0,0.07190265486725664,0
100,0,0,0,0.21782178217821782,0
179,0,0,0,0.12222222222222222,0
4063,0,1,0,0.026820866141732284,0
6011,0,0,0,0.03210246174318031,0
1254,0,0,0,0.043824701195219126,0
962,0,0,0,0.05711318795430945,0
386,0,0,0,0.08010335917312661,0
562,0,0,0,0.06039076376554174,0
645,0,0,0,0.0696594427244582,0
2529,0,0,0,0.021343873517786563,0
1808,0,0,0,0.04588170259812051,0
1311,0,0,0,0.03048780487804878,0
775,0,0,0,0.08376288659793814,0
452,0,0,0,0.06181015452538632,0
1238,0,0,0,0.03228410008071025,0
6456,0,0,0,0.03190336069382066,0
1176,0,0,0,0.0356839422259983,0
2110,0,0,0,0.04026527711984841,0
757,0,0,0,0.04221635883905013,0
1737,0,0,0,0.03624856156501726,0
410,0,1,1,0.051094890510948905,0
824,0,0,0,0.059393939393939395,0
17779,0,0,7,0.03892013498312711,0
951,0,0,0,0.09873949579831932,0
256,0,0,0,0.08560311284046693,0
1171,0,0,0,0.09726962457337884,0
482,0,0,0,0.041407867494824016,0
609,0,0,0,0.06393442622950819,0
2537,0,0,0,0.019700551615445233,0
1495,0,0,0,0.11497326203208556,0
2020,0,0,0,0.051459673428995545,0
966,0,0,0,0.04033092037228542,0
1323,0,0,0,0.023413897280966767,0
1110,0,0,0,0.0279027902790279,0
597,0,0,0,0.0802675585284281,0
741,0,0,0,0.04851752021563342,0
1042,0,0,0,0.08916586768935762,0
500,0,0,0,0.015968063872255488,0
1153,0,1,0,0.019064124783362217,0
2508,0,0,0,0.025906735751295335,0
360,0,0,0,0.07756232686980609,0
532,0,0,0,0.0225140712945591,0
2350,0,1,0,0.022543598468736707,0
1540,0,0,0,0.0317975340687865,0
387,0,0,0,0.04896907216494845,0
3299,0,0,0,0.07242424242424242,0
985,0,4,0,0.0486815415821501,0
6152,0,3,1,0.035917438647814076,0
394,0,0,0,0.07088607594936709,0
3074,0,0,0,0.027317073170731707,0
649,0,0,0,0.07384615384615385,0
3778,0,2,0,0.040751521566552,0
628,0,0,0,0.11287758346581876,0
593,0,0,0,0.06902356902356903,0
1468,0,0,0,0.03267528931245745,0
507,0,0,0,0.04921259842519685,0
872,0,0,0,0.03665521191294387,0
709,0,0,0,0.06056338028169014,0
947,0,0,0,0.043248945147679324,0
1529,0,0,0,0.026143790849673203,0
2649,0,0,0,0.047924528301886794,0
6588,0,1,0,0.02534527242373653,0
2449,0,0,0,0.053061224489795916,0
1331,0,2,0,0.057057057057057055,0
673,0,1,0,0.07863501483679525,0
2149,0,1,0,0.027906976744186046,0
855,0,0,0,0.029205607476635514,0
379,0,0,0,0.08421052631578947,0
881,0,0,0,0.03968253968253968,0
3210,0,0,0,0.05481158517595765,0
8102,0,0,1,0.027644082438602988,0
7546,0,1,0,0.028488140983172122,0
1734,0,2,0,0.04207492795389049,0
729,0,0,0,0.03561643835616438,0
298,0,0,0,0.07357859531772576,0
3095,0,0,0,0.018733850129198967,0
1697,0,0,0,0.04299175500588928,0
845,0,2,0,0.04728132387706856,0
783,0,2,0,0.09821428571428571,0
1034,0,0,0,0.04154589371980676,0
813,0,0,0,0.04176904176904177,0
241,0,0,0,0.05371900826446281,0
7347,0,0,2,0.035655960805661406,0
8438,0,0,1,0.03306078919303235,0
1281,0,0,1,0.0202808112324493,0
833,0,0,0,0.06354916067146282,0
1013,0,1,0,0.046351084812623275,0
306,0,0,0,0.048859934853420196,0
389,0,0,0,0.046153846153846156,0
322,0,0,0,0.03715170278637771,0
1621,0,0,0,0.05055487053020962,0
227,0,1,0,0.05701754385964912,0
983,0,0,0,0.07113821138211382,0
169,0,0,0,0.12352941176470589,0
188,0,1,0,0.06878306878306878,0
285,0,0,0,0.08391608391608392,0
318,0,0,0,0.06896551724137931,0
387,0,1,0,0.059278350515463915,0
543,0,1,0,0.012867647058823529,0
616,0,1,0,0.05834683954619125,0
709,0,1,0,0.05352112676056338,0
783,0,0,0,0.05229591836734694,0
924,0,0,0,0.04972972972972973,0
999,0,1,0,0.055,0
1166,0,0,0,0.03598971722365039,0
262,0,0,0,0.12927756653992395,0
1205,0,1,0,0.05140961857379768,0
1223,0,1,0,0.03758169934640523,0
1420,0,0,0,0.050668543279380716,0
1435,0,1,0,0.03969359331476323,0
1756,0,1,0,0.04780876494023904,0
1952,0,3,0,0.04915514592933948,0
1862,0,5,0,0.045625335480407946,0
284,0,0,0,0.0456140350877193,0
1270,0,1,0,0.03776553894571204,0
936,0,1,0,0.05869797225186766,0
1483,0,2,1,0.057951482479784364,0
224,0,0,0,0.06222222222222222,0
330,0,0,0,0.054380664652567974,0
859,0,3,0,0.04302325581395349,0
896,0,1,0,0.032329988851727984,0
1109,0,3,0,0.03873873873873874,0
1911,0,3,0,0.05282426778242678,0
911,0,0,0,0.0756578947368421,0
1421,0,0,0,0.058368495077355836,0
1350,0,0,0,0.03552923760177646,0
1045,0,0,0,0.030592734225621414,0
1540,0,0,0,0.03504218040233614,0
277,0,0,0,0.07913669064748201,0
890,0,1,0,0.0718294051627385,0
1254,0,0,0,0.050199203187251,0
1761,0,1,0,0.06583427922814983,0
806,0,0,0,0.04460966542750929,0
440,0,0,0,0.07936507936507936,0
371,0,1,0,0.10483870967741936,0
623,0,0,0,0.07211538461538461,0
690,0,1,0,0.06657018813314038,0
485,0,2,0,0.0720164609053498,0
637,0,0,0,0.06426332288401254,0
454,0,0,0,0.054945054945054944,0
1159,0,0,0,0.05603448275862069,0
1180,0,0,0,0.06689246401354784,0
620,0,1,0,0.07085346215780998,0
538,0,1,0,0.07050092764378478,0
655,0,1,0,0.09298780487804878,0
2971,0,0,1,0.13627187079407807,0
388,0,2,0,0.06426735218508997,0
664,0,0,0,0.06015037593984962,0
729,0,0,0,0.052054794520547946,0
927,0,0,0,0.03556034482758621,0
750,0,0,0,0.03462050599201065,0
1130,0,0,1,0.027409372236958444,0
1071,0,0,0,0.05037313432835821,0
1282,0,1,0,0.04988308651597818,0
949,0,1,0,0.05263157894736842,0
1066,0,2,0,0.07122774133083412,0
1106,0,0,0,0.031616982836495035,0
896,0,0,0,0.06688963210702341,0
823,0,0,0,0.04854368932038835,0
1514,0,1,0,0.048184818481848184,0
1250,0,1,0,0.04476418864908074,0
877,0,1,0,0.06947608200455581,0
1989,0,1,0,0.05175879396984925,0
2142,0,2,0,0.03546430237984134,0
469,0,1,0,0.06808510638297872,0
1278,0,0,0,0.05003909304143862,0
202,0,0,0,0.04926108374384237,0
750,0,0,0,0.07057256990679095,0
1954,0,2,0,0.03989769820971867,0
328,0,0,0,0.07598784194528875,0
147,0,0,0,0.060810810810810814,0
269,0,0,0,0.06296296296296296,0
246,0,0,0,0.08097165991902834,0
647,0,0,0,0.06790123456790123,0
342,0,0,0,0.05539358600583091,0
684,0,0,0,0.058394160583941604,0
1166,0,1,0,0.04027420736932305,0
718,0,0,0,0.05285118219749652,0
939,0,0,0,0.04680851063829787,0
3863,0,1,0,0.03674948240165631,0
1824,0,0,0,0.04219178082191781,0
1686,0,0,0,0.04149377593360996,0
632,0,0,0,0.044233807266982623,0
3342,0,0,3,0.06670655100209393,0
1221,0,0,0,0.05155482815057283,0
1183,0,0,0,0.05067567567567568,0
3784,0,0,3,0.06314398943196829,0
1505,0,0,2,0.12151394422310757,0
1068,0,0,0,0.050514499532273154,0
1325,0,1,0,0.06711915535444947,0
1648,0,2,0,0.06549423893268648,0
239,0,0,0,0.058333333333333334,0
664,0,0,0,0.03308270676691729,0
2261,0,0,0,0.040229885057471264,0
1118,0,1,0,0.050044682752457555,0
540,0,1,0,0.04066543438077634,0
787,0,0,0,0.05203045685279188,0
1354,0,0,0,0.03690036900369004,0
651,0,1,0,0.06441717791411043,0
1183,0,0,0,0.03885135135135135,0
2037,0,0,0,0.04612365063788027,0
1674,0,1,0,0.0608955223880597,0
767,0,0,0,0.0390625,0
1481,0,0,0,0.03171390013495277,0
938,0,0,0,0.046858359957401494,0
1074,0,0,0,0.030697674418604652,0
1069,0,0,0,0.041121495327102804,0
265,0,0,0,0.10902255639097744,0
583,0,0,0,0.06164383561643835,0
596,0,0,0,0.04020100502512563,0
628,0,0,0,0.017488076311605722,0
455,0,0,0,0.02850877192982456,0
389,0,0,0,0.046153846153846156,0
427,0,1,0,0.07710280373831775,0
1237,0,0,0,0.05815831987075929,0
1134,0,0,0,0.03524229074889868,0
1305,0,0,0,0.02986217457886677,0
443,0,0,0,0.07432432432432433,0
726,0,0,0,0.016506189821182942,0
688,0,0,0,0.055152394775036286,0
826,0,0,0,0.03869407496977025,0
1563,0,0,0,0.04092071611253197,0
1864,0,2,0,0.0353887399463807,0
1097,0,0,0,0.039162112932604735,0
1466,0,0,0,0.044989775051124746,0
1041,0,0,0,0.03742802303262956,0
952,0,1,0,0.05981112277019937,0
815,0,0,0,0.0392156862745098,0
936,0,0,0,0.054429028815368194,0
867,0,1,0,0.044930875576036866,0
991,0,0,0,0.046370967741935484,0
1129,0,0,0,0.046902654867256637,0
1265,0,2,0,0.05766192733017378,0
864,0,1,0,0.05433526011560694,0
733,0,1,0,0.05449591280653951,0
3115,0,1,0,0.09146341463414634,0
419,0,0,0,0.04285714285714286,0
656,0,0,0,0.0258751902587519,0
700,0,2,0,0.0884450784593438,0
3321,0,0,0,0.03853100541842264,0
117,0,0,0,0.01694915254237288,0
1708,1,0,0,0.03686366296079579,0
1284,0,3,2,0.03268482490272374,0
2006,0,2,2,0.0802192326856004,0
1294,0,2,0,0.077992277992278,0
168,0,0,0,0.09467455621301775,0
1726,0,0,0,0.05442964678633468,0
754,0,0,0,0.04370860927152318,0
1138,0,0,4,0.05179982440737489,0
1189,0,3,0,0.06722689075630252,0
1266,0,3,2,0.04104183109707971,0
1423,0,0,0,0.03160112359550562,0
2871,0,0,0,0.0584958217270195,0
4496,0,1,2,0.11029575272403824,0
1109,0,0,0,0.0945945945945946,0
633,0,0,0,0.0583596214511041,0
1886,0,0,0,0.06571277159512454,0
1823,0,2,9,0.0712719298245614,0
1852,0,0,9,0.12844036697247707,0
663,0,0,0,0.08734939759036145,0
3202,0,0,0,0.032781767093349984,0
1008,0,0,0,0.05450941526263627,0
560,0,0,0,0.0481283422459893,0
2571,0,1,0,0.19556765163297046,0
1544,0,1,0,0.08414239482200647,0
944,0,1,0,0.061375661375661375,0
1066,0,2,0,0.030927835051546393,0
959,0,0,0,0.090625,0
1258,0,0,0,0.05798252581413821,0
510,0,0,2,0.03913894324853229,0
538,0,3,0,0.059369202226345084,0
523,0,0,0,0.11450381679389313,0
1193,0,1,0,0.04355108877721943,0
502,0,0,0,0.05765407554671968,0
831,0,0,0,0.057692307692307696,0
631,0,0,0,0.056962025316455694,0
1939,0,1,0,0.06752577319587628,0
77717,0,4,1,0.07905504516328264,0
5476,0,0,3,0.041080883695453714,0
795,0,1,0,0.052763819095477386,0
555,0,0,0,0.046762589928057555,0
604,0,0,0,0.06611570247933884,0
1698,0,0,0,0.0594467333725721,0
12859,0,1,0,0.04066874027993779,0
465,0,2,0,0.05793991416309013,0
240,0,0,0,0.1078838174273859,0
1001,0,1,0,0.054890219560878244,0
657,0,0,0,0.06382978723404255,0
2167,0,1,0,0.06872693726937269,0
130,0,0,0,0.022900763358778626,0
547,0,0,0,0.04927007299270073,0
1321,0,1,0,0.048411497730711045,0
143,0,0,0,0.0625,0
1237,0,1,0,0.05411954765751212,0
2181,0,1,0,0.04674610449129239,0
1210,0,0,0,0.042113955408753095,0
1006,0,1,7,0.06355511420059583,0
984,0,1,7,0.06700507614213198,0
1791,0,1,5,0.04408482142857143,0
1435,0,2,0,0.05153203342618384,0
1640,0,3,0,0.0725167580743449,0
1184,0,1,0,0.04725738396624472,0
1263,0,1,0,0.056962025316455694,0
1641,0,1,1,0.055420219244823384,0
1597,0,1,0,0.05506883604505632,0
31965,0,4,0,0.07436025777388475,0
652,0,1,0,0.07044410413476264,0
939,0,0,0,0.04893617021276596,0
1717,0,2,0,0.051222351571594875,0
3133,0,0,0,0.12986598596043394,0
899,0,1,0,0.05444444444444444,0
458,0,1,0,0.12200435729847495,0
545,0,0,0,0.045787545787545784,0
1191,0,1,0,0.051174496644295304,0
1741,0,1,0,0.04305396096440873,0
3471,0,1,0,0.025921658986175114,0
142,0,0,0,0.06293706293706294,0
737,0,0,0,0.06233062330623306,0
417,0,0,0,0.05502392344497608,0
313,0,0,0,0.05732484076433121,0
3648,0,1,0,0.04823239243628391,0
626,0,0,0,0.049441786283891544,0
1990,0,1,0,0.05675539929683576,0
780,0,0,0,0.052496798975672214,0
1343,0,0,0,0.07514880952380952,0
984,0,0,0,0.046700507614213196,0
3031,0,4,2,0.032981530343007916,0
998,0,0,0,0.04704704704704705,0
3759,0,0,1,0.05132978723404255,0
1302,0,0,0,0.06216423637759018,0
640,0,0,0,0.062402496099843996,0
2169,0,2,0,0.0576036866359447,0
1420,0,0,0,0.023926812104152005,0
1888,0,0,0,0.029645314981471677,0
1492,0,1,0,0.06965840589417281,0
265,0,0,0,0.08270676691729323,0
264,0,0,0,0.12452830188679245,0
3130,0,2,0,0.03928457361865219,0
1315,0,0,0,0.03419452887537994,0
664,0,0,0,0.058646616541353384,0
89784,0,8,0,0.028078186779528874,0
1632,0,0,0,0.05327617881200245,0
749,0,1,0,0.06266666666666666,0
3417,0,0,0,0.05002925687536571,0
405,0,1,0,0.05172413793103448,0
982,0,0,0,0.03763987792472025,0
1045,0,2,0,0.05927342256214149,0
180,0,0,0,0.022099447513812154,0
3557,0,0,0,0.15598650927487354,0
5607,0,6,1,0.14087018544935806,0
1788,0,0,0,0.06036892118501956,0
2469,0,2,0,0.07327935222672065,0
675,0,1,0,0.05029585798816568,0
11001,0,27,9,0.05562624977276859,0
315,0,2,0,0.08860759493670886,0
976,0,0,0,0.08188331627430911,0
1059,0,3,0,0.048113207547169815,0
508,0,2,0,0.07072691552062868,0
3004,0,0,0,0.064891846921797,0
740,0,0,0,0.0553306342780027,0
3816,0,0,0,0.047681425203039036,0
113399,0,0,0,0.0,0
2941,0,4,0,0.09279401767505098,1
4169,0,20,15,0.1817745803357314,1
4784,0,33,11,0.16489028213166143,1
4784,0,33,11,0.16489028213166143,1
2227,0,14,8,0.11759425493716337,1
1064,0,8,10,0.1323943661971831,1
1794,0,1,0,0.07465181058495822,1
9476,0,2,16,0.020048538567057086,1
3313,0,0,5,0.7371756185878093,1
636,0,1,0,0.0423861852433281,1
1255,0,3,0,0.035828025477707005,1
4243,0,16,28,0.09165881244109331,1
3140,0,1,0,0.07035975803884113,1
805,0,11,0,0.2679900744416873,1
623,0,9,1,0.11698717948717949,1
3378,0,9,0,0.05800532701982835,1
519,0,5,1,0.1423076923076923,1
481,0,0,0,0.06639004149377593,1
1344,0,12,1,0.26022304832713755,1
2236,0,9,0,0.1466249441215914,1
760,0,4,0,0.08147174770039421,1
890,0,1,8,0.07744107744107744,1
217,0,0,0,0.11467889908256881,1
3586,0,9,4,0.1006412043490382,1
3583,0,9,4,0.10016741071428571,1
3115,0,10,5,0.21341463414634146,1
466,0,0,1,0.023554603854389723,1
14828,0,36,9,0.07950637264818936,1
515,0,0,2,0.06976744186046512,1
43798,0,0,0,0.4472933171990228,1
266,0,5,0,0.1348314606741573,1
1003,0,5,27,0.08665338645418327,1
710,0,4,0,0.02812939521800281,1
2502,0,0,1,0.08310027966440271,1
941,0,2,0,0.04246284501061571,1
941,0,2,0,0.04246284501061571,1
2935,0,0,1,0.06369209809264305,1
847,0,9,1,0.10377358490566038,1
14313,0,27,176,0.12169903590890038,1
11656,0,23,27,0.0975379600240199,1
745,0,4,0,0.11528150134048257,1
14005,0,29,14,0.07532486077395402,1
577,0,4,0,0.17128027681660898,1
27783,0,58,4,0.062482004031097035,1
14387,0,85,19,0.17910758965804838,1
21,0,1,0,0.18181818181818182,1
425,0,0,7,0.11737089201877934,1
727,0,3,0,0.11813186813186813,1
50088,0,56,16,0.04186547944658508,1
756,0,9,27,0.1083223249669749,1
2689,0,6,0,0.04423791821561338,1
1597,0,0,0,0.05444305381727159,1
348,0,11,0,0.24355300859598855,1
501,0,0,0,0.061752988047808766,1
612,0,11,0,0.29200652528548127,1
323,0,2,0,0.07098765432098765,1
698,0,3,0,0.07010014306151645,1
1111,0,12,0,0.06205035971223022,1
890,0,4,0,0.09427609427609428,1
1385,0,10,0,0.19047619047619047,1
699,0,3,0,0.07,1
1188,0,3,1,0.03952901597981497,1
1189,0,3,1,0.03949579831932773,1
1382,0,10,0,0.18944323933477947,1
1388,0,9,0,0.18862491000719941,1
9966,0,14,10,0.07564964382462125,1
3204,0,15,14,0.12761310452418095,1
650,0,9,2,0.07219662058371736,1
640,0,9,1,0.11232449297971919,1
821,0,4,0,0.058394160583941604,1
1395,0,9,0,0.18911174785100288,1
854,0,0,0,0.15204678362573099,1
2528,0,0,1,0.08580466587584025,1
4071,0,50,3,0.11051080550098231,1
23548,0,72,12,0.0613614166206633,1
6515,0,38,14,0.13996316758747698,1
9044,0,19,14,0.055058043117744614,1
22102,0,40,12,0.06311360448807854,1
3455,0,8,6,0.11082175925925926,1
2135,0,3,4,0.21863295880149813,1
1417,0,5,0,0.036671368124118475,1
1084,0,7,0,0.13640552995391705,1
1083,0,7,0,0.13653136531365315,1
6594,0,39,14,0.13889310083396514,1
510,0,2,0,0.08610567514677103,1
7219,0,51,6,0.04113573407202216,1
3481,0,40,19,0.12578977599080987,1
1580,0,3,0,0.02719797596457938,1
1171,0,2,1,0.05802047781569966,1
3198,0,8,4,0.10472022507033447,1
1088,0,7,0,0.10927456382001836,1
1088,0,7,0,0.10927456382001836,1
459,0,1,0,0.05,1
1151,0,8,1,0.1171875,1
1804,0,14,0,0.04155124653739612,1
1806,0,14,0,0.04150525733259546,1
999,0,3,0,0.044,1
656,0,4,3,0.0395738203957382,1
1142,0,4,0,0.16010498687664043,1
1053,0,3,0,0.06546489563567362,1
1066,0,5,3,0.10965323336457357,1
479,0,0,2,0.03333333333333333,1
874,0,5,3,0.128,1
871,0,7,1,0.04931192660550459,1
890,0,7,1,0.04826038159371493,1
2319,0,7,2,0.0814655172413793,1
7511,0,54,18,0.22497337593184238,1
917,0,2,0,0.08061002178649238,1
14281,0,0,0,0.484806049572889,1
1042,0,0,2,0.04697986577181208,1
1077,0,3,0,0.03710575139146568,1
13568,0,25,7,0.07023362075318741,1
915,0,2,0,0.08078602620087336,1
1327,0,12,1,0.26129518072289154,1
356,0,12,0,0.24369747899159663,1
1327,0,12,1,0.26129518072289154,1
22036,0,47,10,0.07069927848618233,1
658,0,4,3,0.03945371775417299,1
658,0,4,3,0.03945371775417299,1
993,0,2,0,0.11267605633802817,1
1493,0,6,4,0.040160642570281124,1
983,0,12,0,0.06910569105691057,1
1077,0,3,0,0.03710575139146568,1
501,0,1,0,0.05179282868525897,1
638,0,11,2,0.11424100156494522,1
638,0,11,2,0.11424100156494522,1
1165,0,2,1,0.057461406518010294,1
702,0,2,2,0.05832147937411095,1
1930,0,5,0,0.06421543241843604,1
766,0,0,0,0.12255541069100391,1
764,0,0,0,0.12549019607843137,1
987,0,3,0,0.06680161943319839,1
2160,0,0,0,0.043035631652012955,1
2062,0,1,0,0.10954920019389239,1
3151,0,1,0,0.11897208121827411,1
1181,0,1,2,0.04483925549915398,1
1182,0,1,2,0.044801352493660185,1
1291,0,12,2,0.02786377708978328,1
11958,0,19,6,0.08269922234300527,1
497,0,3,2,0.3634538152610442,1
493,0,2,0,0.06275303643724696,1
956,0,4,0,0.12330198537095088,1
801,0,6,0,0.16708229426433915,1
803,0,6,0,0.16666666666666666,1
955,0,4,0,0.12343096234309624,1
944,0,4,0,0.12486772486772486,1
1232,0,5,8,0.08353609083536091,1
724,0,7,0,0.1489655172413793,1
752,0,6,0,0.18193891102257637,1
106,0,0,0,0.08411214953271028,1
928,0,9,13,0.12055974165769645,1
907,0,9,13,0.1145374449339207,1
788,0,5,0,0.30925221799746516,1
2594,0,6,0,0.048554913294797684,1
866,0,9,1,0.10957324106113034,1
1142,0,0,9,0.0726159230096238,1
866,0,9,1,0.12226066897347174,1
780,0,0,0,0.03329065300896287,1
215,0,1,0,0.05092592592592592,1
1320,0,6,0,0.08856926570779712,1
3245,0,10,0,0.1383240911891559,1
6473,0,10,12,0.12109978375038616,1
1169,0,1,1,0.14102564102564102,1
1850,0,0,2,0.03457590491626148,1
1023,0,6,0,0.02734375,1
666,0,3,0,0.031484257871064465,1
1139,0,3,0,0.1,1
1836,0,16,14,0.09635274904735983,1
765,0,5,0,0.3433420365535248,1
622,0,6,2,0.1043338683788122,1
7403,0,4,4,0.10426796326310103,1
878,0,2,1,0.023890784982935155,1
1642,0,0,8,0.4528301886792453,1
1890,0,4,0,0.03172924378635643,1
404,0,0,0,0.0691358024691358,1
1849,0,4,0,0.02972972972972973,1
1411,0,9,0,0.031161473087818695,1
2625,0,0,4,0.06321401370906321,1
2362,0,1,1,0.06474820143884892,1
2358,0,1,1,0.0635862653666808,1
215,0,0,0,0.05092592592592592,1
1408,0,2,2,0.0397444996451384,1
2341,0,1,0,0.06447480785653288,1
3190,0,2,0,0.11156377311187715,1
1549,0,2,0,0.11096774193548387,1
1127,0,2,2,0.14095744680851063,1
7402,0,0,0,0.11400783466162366,1
75,0,0,0,0.11842105263157894,1
673,0,0,0,0.11127596439169139,1
2233,0,1,0,0.050134288272157566,1
2968,0,7,0,0.05826877736611654,1
1329,0,12,6,0.06766917293233082,1
881,0,0,0,0.035147392290249435,1
500,0,1,1,0.033932135728542916,1
502,0,1,1,0.033797216699801194,1
67,0,1,0,0.11764705882352941,1
2507,0,2,30,0.07854864433811802,1
37,0,0,0,0.34210526315789475,1
38,0,0,0,0.41025641025641024,1
38,0,0,0,0.15384615384615385,1
2541,0,8,3,0.0987411487018096,1
28,0,0,0,0.3103448275862069,1
36,0,0,0,0.32432432432432434,1
45,0,0,0,0.32608695652173914,1
37,0,0,0,0.21052631578947367,1
32,0,0,0,0.3333333333333333,1
30,0,0,0,0.25806451612903225,1
37,0,0,0,0.2631578947368421,1
484,0,5,0,0.04329896907216495,1
1227,0,7,0,0.11319218241042345,1
56,0,0,0,0.0,1
1595,0,2,5,0.06015037593984962,1
1902,0,5,0,0.07041513399894903,1
1016,0,10,0,0.119960668633235,1
8330,0,0,0,0.03288920897851398,1
1530,0,2,0,0.0829523187459177,1
65,0,0,0,0.16666666666666666,1
36,0,0,0,0.0,1
3296,0,0,10,0.15680922050348803,1
1926,0,7,0,0.06746237675142709,1
4784,0,0,2,0.07189132706374085,1
5205,0,2,3,0.033422973492124475,1
1048,0,7,0,0.16205910390848427,1
942,0,12,0,0.07953340402969247,1
2221,0,0,6,0.11116111611161116,1
414,0,3,1,0.10120481927710843,1
138,0,2,0,0.3597122302158273,1
2735,0,0,3,0.06578947368421052,1
661,0,2,0,0.12084592145015106,1
3302,0,12,4,0.08265213442325159,1
135,0,2,0,0.16911764705882354,1
216,0,1,0,0.2119815668202765,1
4801,0,38,0,0.02478134110787172,1
17464,0,75,51,0.09911251073575723,1
2399,0,2,30,0.07708333333333334,1
1079,0,13,1,0.32685185185185184,1
132,0,0,0,0.19548872180451127,1
1571,0,4,0,0.10687022900763359,1
1603,0,3,2,0.10037406483790523,1
1571,0,0,0,0.03435114503816794,1
848,0,8,2,0.03180212014134275,1
3393,0,1,0,0.030642309958750738,1
1453,0,3,0,0.0577716643741403,1
2828,0,9,0,0.1587133262636974,1
392,0,3,0,0.09923664122137404,1
727,0,3,3,0.08791208791208792,1
965,0,6,0,0.023809523809523808,1
849,0,1,1,0.04,1
1170,0,2,14,0.11101622544833475,1
591,0,2,0,0.08614864864864864,1
742,0,5,0,0.08882907133243607,1
686,0,4,0,0.11644832605531295,1
980,0,12,0,0.11824668705402651,1
2732,0,4,4,0.06476399560922064,1
4286,0,0,0,0.05458362491252624,1
14663,0,26,36,0.12745499181669395,1
4885,0,3,8,0.06508391322144903,1
1138,0,5,0,0.05267778753292362,1
652,0,0,0,0.04747320061255743,1
594,0,3,0,0.09747899159663866,1
3888,0,7,16,0.07071226536384674,1
726,0,3,3,0.08665749656121045,1
909,0,11,0,0.07472527472527472,1
4044,0,22,6,0.06526576019777502,1
671,0,2,2,0.17261904761904762,1
1180,0,10,0,0.06519898391193904,1
661,0,2,0,0.12084592145015106,1
931,0,2,0,0.03111587982832618,1
514,0,4,0,0.16116504854368932,1
399,0,0,1,0.105,1
1416,0,0,1,0.7925194071983063,1
1121,0,7,0,0.07754010695187166,1
1349,0,4,2,0.07925925925925927,1
620,0,5,0,0.057971014492753624,1
1451,0,17,6,0.20798898071625344,1
732,0,3,3,0.09004092769440655,1
1043,0,7,0,0.15996168582375478,1
780,0,11,0,0.2765685019206146,1
655,0,7,0,0.09146341463414634,1
622,0,6,2,0.1043338683788122,1
534,0,4,0,0.08785046728971962,1
666,0,0,0,0.09895052473763119,1
499,0,1,1,0.034,1
495,0,5,0,0.06653225806451613,1
1515,0,4,0,0.06464379947229551,1
1444,0,6,0,0.11557093425605536,1
964,0,3,0,0.09637305699481866,1
663,0,6,0,0.10391566265060241,1
685,0,2,0,0.10058309037900874,1
845,0,5,0,0.09810874704491726,1
700,0,1,0,0.05135520684736091,1
981,0,3,0,0.0845213849287169,1
5385,0,10,10,0.0532862978091348,1
261,0,1,0,0.05725190839694656,1
1909,0,1,0,0.04659685863874346,1
3268,0,1,0,0.03120220250841236,1
2940,0,11,8,0.09010540632437947,1
863,0,12,4,0.1076388888888889,1
2969,0,10,1,0.07474747474747474,1
733,0,3,3,0.08038147138964577,1
4788,0,33,11,0.16454374608477762,1
1050,0,5,0,0.08277830637488107,1
992,0,8,0,0.11983887210473314,1
1778,0,6,2,0.34794828555368185,1
522,0,5,0,0.07839388145315487,1
1944,0,1,0,0.2745501285347044,1
691,0,0,1,0.06936416184971098,1
4297,0,4,0,0.2768729641693811,1
761,0,1,0,0.07480314960629922,1
852,0,11,4,0.10199296600234467,1
907,0,2,1,0.07048458149779736,1
2279,0,2,0,0.04912280701754386,1
636,0,2,0,0.09105180533751962,1
1815,0,9,0,0.16519823788546256,1
2165,0,2,30,0.08356417359187442,1
611,0,1,0,0.07026143790849673,1
611,0,1,0,0.07026143790849673,1
611,0,1,0,0.07026143790849673,1
611,0,1,0,0.07026143790849673,1
611,0,1,0,0.07026143790849673,1
611,0,1,0,0.07026143790849673,1
116,0,0,0,0.2222222222222222,1
3295,0,1,4,0.040655339805825245,1
944,0,2,0,0.0835978835978836,1
806,0,6,0,0.17100371747211895,1
589,0,2,0,0.08983050847457627,1
746,0,8,0,0.2222222222222222,1
1289,0,3,4,0.10077519379844961,1
14712,0,88,21,0.18745327261605382,1
257,0,3,0,0.2364341085271318,1
817,0,0,2,0.13202933985330073,1
611,0,1,0,0.07026143790849673,1
3035,0,0,0,0.0800395256916996,1
2509,0,0,1,0.7709163346613546,1
290,0,2,1,0.1718213058419244,1
5228,0,2,3,0.043411742206922926,1
1069,0,0,0,0.03925233644859813,1
2013,0,14,0,0.05014895729890765,1
255,0,1,0,0.046875,1
352,0,3,0,0.1954674220963173,1
1024,0,7,4,0.08390243902439025,1
326,0,2,0,0.2324159021406728,1
798,0,6,0,0.18272841051314143,1
858,0,2,1,0.06752037252619325,1
1671,0,2,0,0.05143540669856459,1
570,0,1,0,0.1085814360770578,1
731,0,3,3,0.08060109289617487,1
3651,0,3,0,0.10651697699890471,1
1263,0,8,0,0.0680379746835443,1
2550,0,1,0,0.06860054880439044,1
670,0,0,0,0.13859910581222057,1
706,0,4,4,0.08345120226308345,1
1448,0,5,0,0.08764665286404417,1
496,0,1,0,0.05432595573440644,1
1832,0,9,0,0.16366612111292964,1
4284,0,42,10,0.11061843640606768,1
2560,0,3,4,0.07223740726278798,1
405,0,3,0,0.17980295566502463,1
454,0,11,0,0.13186813186813187,1
486,0,5,0,0.057494866529774126,1
622,0,5,0,0.09149277688603531,1
921,0,11,0,0.0737527114967462,1
1110,0,3,0,0.0747074707470747,1
655,0,0,0,0.09146341463414634,1
303,0,0,0,0.2236842105263158,1
639,0,7,2,0.1015625,1
200,0,1,0,0.1044776119402985,1
8682,0,2,16,0.022227340780836116,1
1256,0,3,2,0.08432776451869531,1
632,0,2,0,0.14218009478672985,1
619,0,7,2,0.0967741935483871,1
1772,0,1,0,0.0580936266215454,1
2810,0,11,0,0.12451085023123444,1
2421,0,2,30,0.07844756399669695,1
1243,0,4,0,0.13344051446945338,1
999,0,16,0,0.353,1
2079,0,0,0,0.041826923076923074,1
1904,0,0,0,0.05984251968503937,1
13957,0,17,103,0.15381859865310216,1
2720,0,1,14,0.28812936420433666,1
687,0,7,0,0.06540697674418605,1
519,0,0,0,0.075,1
1145,0,6,8,0.14485165794066318,1
3394,0,4,0,0.10603829160530191,1
798,0,5,0,0.1113892365456821,1
2583,0,0,0,0.20626934984520123,1
358,0,1,0,0.06406685236768803,1
888,0,1,0,0.02924634420697413,1
121,0,0,0,0.21311475409836064,1
1039,0,4,0,0.08269230769230769,1
978,0,0,3,0.08682328907048008,1
12265,0,92,47,0.12799608674384477,1
783,0,6,0,0.18239795918367346,1
408,0,3,0,0.18092909535452323,1
1224,0,2,1,0.11428571428571428,1
4266,0,26,2,0.0796812749003984,1
922,0,11,0,0.07367280606717226,1
1867,0,12,0,0.3950749464668094,1
1604,0,6,4,0.102803738317757,1
245,0,0,0,0.23577235772357724,1
783,0,6,0,0.18239795918367346,1
4268,0,26,2,0.07964394471773249,1
2912,0,2,55,0.07037418468932372,1
1379,0,2,0,0.03188405797101449,1
1176,0,3,2,0.044180118946474084,1
630,0,7,2,0.10142630744849446,1
690,0,7,0,0.06367583212735166,1
91,0,0,0,0.40217391304347827,1
1158,0,1,2,0.06298533218291631,1
3016,0,2,0,0.03513423931057342,1
898,0,4,0,0.047830923248053395,1
198,0,1,0,0.05527638190954774,1
2399,0,7,2,0.049166666666666664,1
695,0,1,0,0.07614942528735633,1
835,0,9,0,0.23684210526315788,1
3502,0,1,0,0.09334855837853269,1
811,0,6,0,0.1724137931034483,1
1172,0,6,7,0.14578005115089515,1
66,0,0,0,0.05970149253731343,1
805,0,8,0,0.1687344913151365,1
1865,0,2,0,0.08896034297963558,1
622,0,6,2,0.1043338683788122,1
549,0,1,0,0.11818181818181818,1
1526,0,1,0,0.08840864440078586,1
4166,0,3,0,0.06383489320854331,1
989,0,11,0,0.07676767676767676,1
788,0,6,0,0.1888466413181242,1
639,0,8,2,0.1015625,1
914,0,11,0,0.07431693989071038,1
2592,0,15,14,0.11453914384882376,1
683,0,3,0,0.0935672514619883,1
2575,0,1,0,0.02717391304347826,1
1665,0,1,5,0.06302521008403361,1
876,0,12,4,0.08095781071835804,1
679,0,3,0,0.17794117647058824,1
719,0,2,0,0.09444444444444444,1
507,0,4,0,0.07086614173228346,1
986,0,0,3,0.0790273556231003,1
405,0,0,0,0.11822660098522167,1
1792,0,6,0,0.08700501952035694,1
1058,0,9,0,0.3012275731822474,1
628,0,0,22,0.0985691573926868,1
2044,0,3,0,0.13789731051344745,1
1632,0,1,0,0.15125535823637476,1
17461,0,72,51,0.09907227121750085,1
204,0,3,0,0.21951219512195122,1
581,0,0,1,0.06357388316151202,1
950,0,9,0,0.10199789695057834,1
772,0,1,0,0.07503234152652005,1
14716,0,88,21,0.18740232384317457,1
752,0,1,0,0.07702523240371846,1
1208,0,11,0,0.18941273779983459,1
4070,0,2,6,0.05305821665438467,1
632,0,2,0,0.14218009478672985,1
73,0,0,0,0.13513513513513514,1
720,0,0,0,0.059639389736477116,1
780,0,6,0,0.18693982074263765,1
552,0,1,0,0.12296564195298372,1
938,0,2,0,0.08093716719914804,1
3606,0,5,8,0.1316883836983643,1
934,0,7,0,0.12085561497326203,1
3496,0,4,4,0.07234772662281956,1
3354,0,6,1,0.04143070044709389,1
1661,0,1,5,0.0631768953068592,1
1871,0,3,0,0.09455128205128205,1
534,0,4,2,0.08598130841121496,1
822,0,0,1,0.08383961117861483,1
2812,0,13,6,0.09207252044081052,1
654,0,4,2,0.19389312977099238,1
674,0,3,0,0.09185185185185185,1
363,0,3,0,0.0989010989010989,1
824,0,0,0,0.041212121212121214,1
878,0,11,0,0.06143344709897611,1
1858,0,0,0,0.0586336740182894,1
1130,0,3,0,0.06896551724137931,1
938,0,2,0,0.08093716719914804,1
8581,0,2,16,0.023421113959450013,1
2704,0,3,6,0.10018484288354898,1
1379,0,0,0,0.029710144927536233,1
657,0,0,0,0.09422492401215805,1
1255,0,3,1,0.0660828025477707,1
1421,0,13,0,0.0970464135021097,1
848,0,11,0,0.0636042402826855,1
1976,0,13,2,0.08244815376833586,1
923,0,11,0,0.0735930735930736,1
1931,0,0,0,0.03157349896480331,1
106,0,0,0,0.24299065420560748,1
343,0,0,0,0.055232558139534885,1
3705,0,0,0,0.044252563410685376,1
226,0,5,0,0.3920704845814978,1
1092,0,1,4,0.06953339432753888,1
947,0,2,0,0.08333333333333333,1
862,0,7,0,0.11703360370799537,1
886,0,7,0,0.09131905298759865,1
986,0,9,0,0.12259371833839919,1
1231,0,2,0,0.026785714285714284,1
1271,0,9,0,0.029874213836477988,1
2938,0,11,8,0.09595100374276964,1
1641,0,5,2,0.09744214372716199,1
2948,0,11,8,0.08952187182095625,1
821,0,2,1,0.10462287104622871,1
797,0,2,0,0.12280701754385964,1
872,0,3,0,0.143184421534937,1
5693,0,17,6,0.0504039339655778,1
982,0,5,2,0.21973550356052898,1
270,0,0,0,0.12177121771217712,1
6503,0,54,15,0.142220172201722,1
383,0,3,0,0.09114583333333333,1
1142,0,7,14,0.16447944006999124,1
408,0,3,0,0.17603911980440098,1
4359,0,5,1,0.06995412844036697,1
630,0,7,2,0.10142630744849446,1
878,0,7,4,0.06257110352673492,1
923,0,11,0,0.0735930735930736,1
1777,0,1,0,0.05793025871766029,1
65,0,0,1,0.21212121212121213,1
1091,0,0,0,0.08699633699633699,1
864,0,12,4,0.10289017341040463,1
798,0,6,0,0.18272841051314143,1
740,0,5,0,0.08906882591093117,1
3546,0,1,1,0.026219340287566957,1
854,0,5,3,0.07251461988304093,1
4175,0,20,3,0.10727969348659004,1
1169,0,2,0,0.05641025641025641,1
670,0,0,0,0.09388971684053651,1
62,0,0,1,0.14285714285714285,1
874,0,7,0,0.12914285714285714,1
931,0,11,0,0.07296137339055794,1
1030,0,0,3,0.07953443258971872,1
422,0,5,0,0.061465721040189124,1
895,0,6,0,0.09709821428571429,1
1303,0,3,0,0.04141104294478527,1
405,0,3,0,0.18226600985221675,1
620,0,1,0,0.0499194847020934,1
1739,0,2,0,0.054022988505747126,1
842,0,0,0,0.05575326215895611,1
1651,0,1,5,0.0635593220338983,1
14623,0,86,19,0.18346553610503283,1
267,0,0,0,0.029850746268656716,1
2486,0,5,0,0.07880981101728991,1
2038,0,6,2,0.11770475723393821,1
2041,0,6,2,0.10871694417238002,1
4699,0,3,0,0.04765957446808511,1
345,0,2,0,0.2023121387283237,1
1327,0,3,2,0.08283132530120482,1
3015,0,6,0,0.05006631299734748,1
1011,0,11,0,0.08201581027667984,1
754,0,1,0,0.08079470198675497,1
617,0,3,0,0.17475728155339806,1
1279,0,0,1,0.04296875,1
1167,0,1,2,0.06164383561643835,1
8828,0,2,16,0.024804621134896364,1
813,0,6,1,0.1855036855036855,1
1256,0,8,0,0.03977724741447892,1
588,0,1,0,0.0865874363327674,1
1406,0,17,0,0.07818052594171997,1
616,0,0,2,0.0713128038897893,1
9786,0,13,1,0.023909267395524677,1
2453,0,2,2,0.05338223308883456,1
958,0,3,0,0.09176225234619395,1
5648,0,17,6,0.04938927243759957,1
1135,0,9,0,0.05897887323943662,1
1166,0,1,2,0.06341045415595545,1
1911,0,5,0,0.07060669456066945,1
181,0,2,0,0.08791208791208792,1
944,0,3,0,0.0835978835978836,1
487,0,0,0,0.06352459016393443,1
725,0,2,0,0.0674931129476584,1
1443,0,19,1,0.1814404432132964,1
1532,0,4,4,0.091324200913242,1
2973,0,2,3,0.05648957632817754,1
1177,0,0,0,0.042444821731748725,1
1873,0,5,0,0.10032017075773746,1
440,0,2,0,0.022675736961451247,1
729,0,0,1,0.024657534246575342,1
1238,0,5,0,0.04519774011299435,1
86,0,0,1,0.13793103448275862,1
488,0,1,0,0.03680981595092025,1
2459,0,7,0,0.07682926829268293,1
660,0,1,0,0.08774583963691376,1
534,0,1,0,0.06355140186915888,1
319,0,6,0,0.103125,1
438,0,3,0,0.06378132118451026,1
783,0,6,0,0.18239795918367346,1
185,0,4,0,0.27419354838709675,1
683,0,2,2,0.1301169590643275,1
622,0,6,2,0.1043338683788122,1
2046,0,7,0,0.05569125549584758,1
736,0,4,0,0.09633649932157395,1
712,0,4,2,0.037868162692847124,1
2723,0,5,0,0.05983847283406755,1
3139,0,0,0,0.03248407643312102,1
647,0,2,0,0.14351851851851852,1
780,0,4,0,0.08450704225352113,1
864,0,12,4,0.08092485549132948,1
1139,0,4,2,0.21052631578947367,1
975,0,22,7,0.2510245901639344,1
1586,0,3,2,0.09703843730308759,1
2876,0,0,1,0.05387556482446993,1
6837,0,21,2,0.11114360924246856,1
1055,0,0,0,0.2518939393939394,1
1891,0,5,0,0.07241014799154334,1
15058,0,26,96,0.1168736303871439,1
990,0,12,0,0.07870837537840565,1
119,0,0,0,0.15833333333333333,1
1691,0,0,0,0.08983451536643026,1
781,0,11,0,0.27621483375959077,1
3503,0,1,1,0.09674657534246575,1
3534,0,1,1,0.09448373408769449,1
588,0,6,0,0.035653650254668934,1
1004,0,12,0,0.08159203980099503,1
862,0,8,0,0.15179606025492468,1
1904,0,5,0,0.07454068241469816,1
833,0,6,0,0.09592326139088729,1
2113,0,7,2,0.05061494796594134,1
1045,0,0,2,0.08317399617590822,1
595,0,2,0,0.39932885906040266,1
164,0,4,0,0.15151515151515152,1
856,0,9,0,0.14819136522753792,1
569,0,1,0,0.06666666666666667,1
582,0,2,0,0.40823327615780447,1
109,0,0,0,0.02727272727272727,1
470,0,0,0,0.06794055201698514,1
1482,0,1,2,0.07147673634524612,1
2807,0,20,29,0.129985754985755,1
6107,0,0,10,0.06368696791093648,1
986,0,0,3,0.09625126646403243,1
4350,0,7,13,0.04895426338772696,1
449,0,1,2,0.13111111111111112,1
644,0,13,0,0.14883720930232558,1
1944,0,0,0,0.22776349614395888,1
9783,0,13,1,0.02463205233033524,1
15470,0,28,158,0.1232628789347812,1
2014,0,9,0,0.06501240694789082,1
1413,0,4,0,0.10113154172560113,1
1480,0,11,0,0.08642808912896692,1
840,0,5,0,0.06420927467300833,1
1710,0,5,0,0.07948568088836938,1
185,0,0,0,0.043010752688172046,1
1421,0,3,0,0.06540084388185655,1
2007,0,9,0,0.14442231075697212,1
1865,0,6,0,0.06645230439442658,1
2545,0,4,1,0.04281225451688924,1
1298,0,1,0,0.11547344110854503,1
3484,0,1,0,0.03012912482065997,1
979,0,9,0,0.1306122448979592,1
1247,0,5,0,0.047275641025641024,1
1269,0,4,0,0.08897637795275591,1
991,0,12,0,0.06754032258064516,1
2433,0,5,0,0.161873459326212,1
1509,0,10,0,0.06225165562913907,1
671,0,8,0,0.08928571428571429,1
2723,0,10,7,0.0947136563876652,1
632,0,1,1,0.1627172195892575,1
1501,0,4,0,0.06324900133155792,1
1047,0,6,0,0.10114503816793893,1
7702,0,1,10,0.09074386602622354,1
65,0,0,0,0.19696969696969696,1
1391,0,6,0,0.07327586206896551,1
2433,0,2,1,0.08792111750205424,1
1359,0,6,0,0.06397058823529411,1
74,0,2,0,0.13333333333333333,1
806,0,3,1,0.07434944237918216,1
4949,0,6,0,0.12303030303030303,1
1398,0,7,4,0.08577555396711938,1
110,0,3,0,0.07207207207207207,1
9804,0,22,13,0.0815910249872514,1
1114,0,0,0,0.06457399103139014,1
888,0,0,0,0.048368953880764905,1
1130,0,3,4,0.058355437665782495,1
569,0,5,0,0.14210526315789473,1
1006,0,0,0,0.08341608738828203,1
156,0,3,0,0.40764331210191085,1
5260,0,0,14,0.08116327694354686,1
1025,0,4,0,0.03313840155945419,1
1024,0,1,0,0.03219512195121951,1
3299,0,19,2,0.08818181818181818,1
485,0,4,0,0.06172839506172839,1
1984,0,1,0,0.05239294710327456,1
1865,0,0,1,0.051982851018220796,1
1328,0,15,1,0.10308502633559068,1
454,0,3,0,0.07692307692307693,1
6470,0,53,14,0.14186369958275383,1
2112,0,4,0,0.08707998106956934,1
723,0,3,34,0.5276243093922652,1
1358,0,15,1,0.10301692420897719,1
1106,0,1,0,0.052393857271906055,1
1105,0,1,0,0.05244122965641953,1
3071,0,8,0,0.025390625,1
660,0,1,0,0.05597579425113464,1
414,0,1,0,0.05542168674698795,1
1497,0,0,0,0.1588785046728972,1
3384,0,20,4,0.13530280649926144,1
984,0,0,3,0.08629441624365482,1
1986,0,11,0,0.07951685958731756,1
17605,0,75,51,0.09860274906281949,1
3378,0,12,3,0.05238236164545724,1
575,0,7,0,0.05381944444444445,1
671,0,0,0,0.11160714285714286,1
457,0,2,0,0.06986899563318777,1
294,0,5,0,0.023728813559322035,1
2706,0,12,0,0.0657554488363502,1
834,0,6,0,0.09580838323353294,1
2050,0,1,0,0.06923451974646513,1
244,0,6,0,0.1346938775510204,1
1409,0,1,1,0.075177304964539,1
1094,0,0,1,0.043835616438356165,1
560,0,5,1,0.13903743315508021,1
1159,0,5,5,0.08103448275862069,1
4761,0,8,2,0.09302813943721125,1
591,0,2,2,0.14020270270270271,1
1954,0,0,1,0.043989769820971865,1
2334,0,0,1,0.08137044967880086,1
438,0,0,0,0.06150341685649203,1
491,0,0,0,0.054878048780487805,1
716,0,3,0,0.08786610878661087,1
508,0,1,0,0.0412573673870334,1
479,0,1,0,0.03958333333333333,1
541,0,1,0,0.03874538745387454,1
1311,0,4,2,0.08079268292682927,1
481,0,1,0,0.04979253112033195,1
2966,0,12,7,0.08695652173913043,1
919,0,6,0,0.06195652173913044,1
4062,0,1,0,0.06768397735663303,1
7146,0,4,67,0.10381978452497552,1
196,0,1,0,0.01015228426395939,1
4718,0,16,0,0.2265310447128629,1
2333,0,1,0,0.032133676092544985,1
107,0,1,0,0.07407407407407407,1
2922,0,0,0,0.07971262401642148,1
664,0,0,3,0.06616541353383458,1
951,0,8,0,0.06827731092436974,1
1672,0,4,0,0.06096832038254633,1
887,0,7,4,0.06644144144144144,1
4709,0,3,0,0.0475583864118896,1
1676,0,8,1,0.10256410256410256,1
2662,0,21,6,0.07547878332707472,1
730,0,7,0,0.05471956224350205,1
2368,0,15,0,0.07598142676234698,1
180,0,1,0,0.08839779005524862,1
484,0,1,0,0.03505154639175258,1
148,0,6,0,0.24161073825503357,1
1684,0,12,1,0.1566765578635015,1
1211,0,0,0,0.08168316831683169,1
583,0,3,0,0.11815068493150685,1
1345,0,5,0,0.031203566121842496,1
321,0,2,0,0.10869565217391304,1
1819,0,4,2,0.036813186813186814,1
1408,0,12,2,0.15188076650106458,1
1116,0,1,0,0.12354521038495972,1
891,0,7,4,0.07062780269058296,1
327,0,8,0,0.22865853658536586,1
447,0,9,0,0.12276785714285714,1
843,0,7,2,0.061611374407582936,1
1125,0,0,0,0.08969804618117229,1
373,0,1,0,0.0962566844919786,1
359,0,4,0,0.03888888888888889,1
884,0,2,1,0.03389830508474576,1
1607,0,0,0,0.03669154228855721,1
387,0,1,0,0.06443298969072164,1
226,0,9,0,0.4845814977973568,1
3250,0,16,5,0.08089818517379269,1
671,0,2,0,0.09672619047619048,1
1024,0,0,3,0.08097560975609756,1
293,0,2,0,0.05782312925170068,1
293,0,0,0,0.03741496598639456,1
4926,0,3,0,0.04891414653947636,1
430,0,1,0,0.06496519721577726,1
561,0,5,1,0.10142348754448399,1
1719,0,3,2,0.09302325581395349,1
4620,0,7,13,0.1780999783596624,1
4926,0,3,0,0.04891414653947636,1
773,0,4,0,0.07751937984496124,1
1231,0,2,3,0.09821428571428571,1
1979,0,7,1,0.06515151515151515,1
1803,0,3,19,0.0770509977827051,1
287,0,0,0,0.03819444444444445,1
910,0,3,3,0.08562019758507135,1
642,0,0,0,0.09486780715396578,1
3267,0,56,1,0.09577723378212974,1
14497,0,35,144,0.12263760518692234,1
1803,0,5,2,0.07649667405764966,1
1385,0,8,1,0.09523809523809523,1
813,0,0,1,0.08476658476658476,1
358,0,0,0,0.09192200557103064,1
3629,0,14,1,0.07024793388429752,1
640,0,2,0,0.08892355694227769,1
1079,0,10,2,0.1712962962962963,1
1271,0,5,0,0.09748427672955975,1
1393,0,11,2,0.22883787661406027,1
3240,0,0,2,0.12002468373958655,1
1047,0,19,1,0.23282442748091603,1
1307,0,20,4,0.20107033639143732,1
2595,0,2,0,0.029275808936825885,1
424,0,1,0,0.10823529411764705,1
1293,0,8,1,0.07418856259659969,1
302,0,0,0,0.0429042904290429,1
509,0,0,0,0.07450980392156863,1
998,0,1,0,0.13413413413413414,1
1123,0,4,0,0.05782918149466192,1
1059,0,4,3,0.06132075471698113,1
484,0,2,0,0.06597938144329897,1
369,0,5,0,0.26756756756756755,1
255,0,2,0,0.109375,1
508,0,3,0,0.047151277013752456,1
466,0,0,0,0.047109207708779445,1
554,0,2,0,0.12072072072072072,1
1046,0,3,0,0.07163323782234957,1
4498,0,11,0,0.05223382973994221,1
1184,0,8,0,0.09451476793248945,1
293,0,0,0,0.04421768707482993,1
2274,0,9,0,0.06901098901098901,1
557,0,0,0,0.07168458781362007,1
759,0,5,0,0.07105263157894737,1
715,0,3,0,0.14804469273743018,1
1222,0,9,1,0.08421913327882256,1
533,0,2,1,0.09176029962546817,1
514,0,0,1,0.07766990291262135,1
564,0,5,1,0.15221238938053097,1
1702,0,7,0,0.11743981209630065,1
454,0,3,0,0.07692307692307693,1
4063,0,1,0,0.08784448818897637,1
837,0,4,0,0.1026252983293556,1
459,0,0,0,0.017391304347826087,1
962,0,9,1,0.07995846313603323,1
1045,0,10,2,0.1577437858508604,1
4709,0,0,0,0.04267515923566879,1
691,0,0,0,0.15895953757225434,1
818,0,1,4,0.06471306471306472,1
1414,0,18,8,0.19575971731448763,1
522,0,0,1,0.07265774378585087,1
979,0,5,0,0.09897959183673469,1
1093,0,7,1,0.4031078610603291,1
726,0,43,0,0.06327372764786796,1
1595,0,5,2,0.05012531328320802,1
7118,0,4,67,0.11012782694198624,1
1175,0,8,0,0.09268707482993198,1
4849,0,2,5,0.02907216494845361,1
1291,0,10,3,0.12538699690402477,1
929,0,2,3,0.11612903225806452,1
1906,0,7,2,0.03670686942842161,1
1942,0,0,2,0.09315491507977354,1
711,0,3,0,0.08146067415730338,1
1688,0,1,2,0.09354647720544701,1
556,0,2,0,0.0933572710951526,1
1307,0,20,4,0.20107033639143732,1
1009,0,12,0,0.06534653465346535,1
6116,0,14,1,0.16429622363903876,1
521,0,1,0,0.1053639846743295,1
695,0,1,0,0.1278735632183908,1
1855,0,5,2,0.057112068965517244,1
26756,0,82,43,0.1200059797436185,1
1980,0,11,0,0.07975769813225643,1
414,0,0,0,0.03855421686746988,1
3637,0,1,0,0.036833424958768554,1
3191,0,12,7,0.08897243107769423,1
2542,0,14,3,0.2520644907589461,1
6557,0,12,20,0.0727355901189387,1
3003,0,10,0,0.16544607190412783,1
439,0,0,0,0.05227272727272727,1
1671,0,26,6,0.06339712918660287,1
1363,0,8,0,0.07844574780058651,1
751,0,3,0,0.11037234042553191,1
2777,0,0,3,0.105471562275018,1
772,0,2,0,0.19663648124191463,1
399,0,0,0,0.0875,1
1329,0,1,0,0.039097744360902256,1
521,0,0,0,0.09578544061302682,1
895,0,8,0,0.04799107142857143,1
500,0,1,1,0.033932135728542916,1
1188,0,2,1,0.05803195962994113,1
14994,0,28,181,0.11763921307102368,1
1213,0,0,2,0.10296540362438221,1
1598,0,2,0,0.05628517823639775,1
869,0,1,0,0.3563218390804598,1
864,0,5,4,0.07976878612716763,1
521,0,4,0,0.26436781609195403,1
1377,0,1,0,0.059506531204644414,1
2559,0,14,14,0.11328125,1
1116,0,8,0,0.06624888093106536,1
4099,0,0,4,0.041951219512195125,1
1122,0,1,0,0.053428317008014245,1
843,0,4,1,0.15402843601895735,1
3093,0,2,3,0.04589528118939883,1
7479,0,28,24,0.1286096256684492,1
1395,0,8,0,0.11389684813753581,1
913,0,2,0,0.08971553610503283,1
898,0,7,4,0.0778642936596218,1
3202,0,3,8,0.04308460817983141,1
1602,0,2,4,0.03368683718028696,1
6082,0,0,0,0.08499095840867993,1
275,0,0,0,0.10144927536231885,1
2395,0,0,1,0.052587646076794656,1
937,0,1,0,0.057569296375266525,1
2095,0,5,1,0.08444656488549618,1
1147,0,7,4,0.07317073170731707,1
436,0,0,0,0.14416475972540047,1
776,0,4,0,0.055341055341055344,1
763,0,1,0,0.06675392670157068,1
883,0,7,4,0.0667420814479638,1
886,0,4,0,0.058624577226606536,1
2528,0,3,1,0.053776196124950576,1
530,0,0,0,0.10546139359698682,1
873,0,5,4,0.07780320366132723,1
2335,0,8,1,0.08690068493150685,1
2533,0,3,1,0.05367008681925809,1
2022,0,7,0,0.06969846762234305,1
953,0,3,0,0.08280922431865828,1
5319,0,24,0,0.05357142857142857,1
1010,0,1,5,0.12858555885262116,1
475,0,1,0,0.05672268907563025,1
5068,0,11,0,0.061156046557506415,1
1004,0,12,0,0.08159203980099503,1
165,0,4,0,0.04216867469879518,1
2266,0,0,1,0.09660344067048963,1
2270,0,3,1,0.04975781594011449,1
1339,0,5,0,0.0664179104477612,1
167,0,5,0,0.041666666666666664,1
2199,0,17,12,0.13954545454545456,1
1226,0,16,0,0.06030969845150774,1
16464,0,27,20,0.0451260249013058,1
1079,0,12,2,0.1527777777777778,1
283,0,2,0,0.056338028169014086,1
502,0,1,0,0.04970178926441352,1
85,0,1,0,0.09302325581395349,1
2264,0,3,1,0.04856512141280353,1
26331,0,83,44,0.12209478960960049,1
406,0,1,0,0.20638820638820637,1
2991,0,10,0,0.1641042780748663,1
1076,0,2,3,0.07985143918291551,1
736,0,1,1,0.06512890094979647,1
4022,0,2,0,0.07755406413124534,1
502,0,2,0,0.06958250497017893,1
9956,0,25,13,0.08215325901375917,1
528,0,1,0,0.11342155009451796,1
4615,0,5,0,0.08687175043327557,1
538,0,3,0,0.03525046382189239,1
707,0,3,0,0.09463276836158192,1
1886,0,0,1,0.14414414414414414,1
1520,0,0,0,0.05325443786982249,1
3521,0,55,1,0.08574673480976717,1
733,0,0,0,0.09536784741144415,1
2515,0,0,3,0.046502384737678856,1
2582,0,2,3,0.04645760743321719,1
966,0,3,0,0.09513960703205791,1
1728,0,5,0,0.058993637941006365,1
823,0,4,0,0.0983009708737864,1
921,0,3,2,0.5281995661605207,1
7446,0,6,67,0.103397341211226,1
1448,0,3,0,0.033126293995859216,1
605,0,3,2,0.06765676567656766,1
1269,0,5,0,0.09291338582677165,1
1154,0,2,1,0.04588744588744589,1
3896,0,4,1,0.06569155760841673,1
728,0,0,0,0.06721536351165981,1
2963,0,12,0,0.06781376518218624,1
583,0,6,0,0.11643835616438356,1
2983,0,13,0,0.07573726541554959,1
1117,0,7,0,0.08586762075134168,1
625,0,11,0,0.14217252396166133,1
2370,0,7,0,0.06284268241248418,1
2023,0,3,0,0.14525691699604742,1
713,0,3,0,0.08823529411764706,1
716,0,3,0,0.08507670850767085,1
3280,0,14,7,0.09265467845169156,1
683,0,5,0,0.16812865497076024,1
861,0,0,0,0.06380510440835267,1
1961,0,11,0,0.08053007135575943,1
1242,0,8,0,0.17940466613032985,1
1678,0,12,0,0.10303752233472305,1
672,0,2,0,0.09658246656760773,1
4795,0,10,0,0.02418682235195997,1
2378,0,5,1,0.0487599831862127,1
2112,0,5,10,0.03502129673450071,1
686,0,2,0,0.06404657933042213,1
2393,0,2,1,0.6946532999164579,1
779,0,4,0,0.057692307692307696,1
3274,0,14,7,0.0916030534351145,1
34,0,0,0,0.0,1
4675,0,7,0,0.08661248930710008,1
752,0,3,0,0.09296148738379814,1
2048,0,9,0,0.11078574914592484,1
731,0,8,0,0.11475409836065574,1
920,0,10,0,0.1758957654723127,1
2747,0,6,0,0.10043668122270742,1
1694,0,7,0,0.11563421828908554,1
16746,0,29,20,0.04520212575386636,1
2703,0,12,0,0.0647189349112426,1
710,0,4,0,0.1589310829817159,1
1281,0,3,0,0.0514820592823713,1
248,0,1,0,0.37751004016064255,1
1181,0,7,0,0.0532994923857868,1
626,0,0,0,0.03668261562998405,1
1055,0,8,0,0.17518939393939395,1
889,0,7,4,0.0696629213483146,1
1572,0,5,3,0.08391608391608392,1
599,0,5,0,0.18166666666666667,1
5662,0,2,7,0.07257637294720114,1
2121,0,5,1,0.05513666352497644,1
499,0,0,0,0.03,1
2821,0,5,0,0.06626506024096386,1
767,0,0,0,0.055989583333333336,1
1613,0,2,0,0.13135068153655513,1
1173,0,29,0,0.14991482112436116,1
1138,0,3,0,0.04214223002633889,1
1538,0,4,2,0.0682261208576998,1
1212,0,9,4,0.07007419620774938,1
1338,0,29,0,0.13368185212845407,1
670,0,3,0,0.12369597615499255,1
1331,0,29,0,0.13363363363363365,1
72144,0,5,1,0.04666990089403285,1
1631,0,2,0,0.09558823529411764,1
595,0,4,0,0.18120805369127516,1
2364,0,6,0,0.10443974630021141,1
16741,0,29,20,0.045275355393620834,1
1019,0,9,2,0.13529411764705881,1
909,0,8,0,0.11098901098901098,1
1217,0,8,4,0.08045977011494253,1
1203,0,7,4,0.07890365448504984,1
227,0,0,0,0.5087719298245614,1
1016,0,10,2,0.15634218289085547,1
16401,0,75,0,0.13839775637117424,1
864,0,6,0,0.1884393063583815,1
1154,0,0,0,0.08311688311688312,1
1704,0,8,0,0.13255131964809383,1
637,0,2,0,0.061128526645768025,1
580,0,6,0,0.08433734939759036,1
1216,0,15,4,0.16351684470008218,1
582,0,3,0,0.09090909090909091,1
898,0,7,0,0.07452725250278086,1
2126,0,0,0,0.10484250117536437,1
2250,0,0,0,0.11017325633051978,1
2115,0,0,0,0.06001890359168242,1
889,0,7,4,0.06629213483146068,1
1363,0,14,0,0.13049853372434017,1
703,0,2,0,0.10653409090909091,1
793,0,3,3,0.11712846347607053,1
1297,0,5,0,0.2580893682588598,1
820,0,7,0,0.1071863580998782,1
1626,0,0,0,0.02089735709895513,1
693,0,7,0,0.15561959654178675,1
708,0,7,0,0.0930888575458392,1
1187,0,0,0,0.10606060606060606,1
886,0,7,4,0.06989853438556934,1
595,0,0,1,0.09899328859060402,1
974,0,0,3,0.08615384615384615,1
954,0,1,0,0.0387434554973822,1
1036,0,12,0,0.14368370298939248,1
295,0,0,0,0.0472972972972973,1
1201,0,0,0,0.029950083194675542,1
3075,0,3,2,0.03706111833550065,1
438,0,0,0,0.12984054669703873,1
1404,0,6,0,0.19359430604982206,1
897,0,4,0,0.08797327394209355,1
906,0,3,2,0.10253583241455347,1
884,0,3,3,0.08022598870056497,1
859,0,3,0,0.06162790697674419,1
712,0,7,0,0.09396914446002805,1
858,0,5,1,0.07217694994179279,1
817,0,7,0,0.0745721271393643,1
938,0,9,1,0.08093716719914804,1
208,0,9,0,0.49282296650717705,1
627,0,6,0,0.11305732484076433,1
8423,0,3,17,0.06374643874643875,1
477,0,3,0,0.05439330543933055,1
827,0,0,0,0.08695652173913043,1
1923,0,10,0,0.037941787941787944,1
918,0,11,0,0.07399347116430903,1
963,0,1,0,0.245850622406639,1
618,0,9,0,0.12762520193861066,1
14523,0,30,176,0.12138529330762875,1
480,0,1,0,0.056133056133056136,1
75,0,4,0,0.34210526315789475,1
1379,0,6,0,0.07391304347826087,1
686,0,5,0,0.3129548762736536,1
3812,0,0,3,0.03435615001311303,1
678,0,8,0,0.09278350515463918,1
1346,0,4,2,0.08463251670378619,1
575,0,8,0,0.07118055555555555,1
14496,0,30,176,0.12078361040215217,1
710,0,4,0,0.09423347398030943,1
1370,0,4,1,0.08460977388767323,1
705,0,8,0,0.060906515580736544,1
16422,0,27,20,0.04438896669305243,1
3895,0,0,0,0.044661190965092405,1
503,0,0,0,0.051587301587301584,1
458,0,3,0,0.08496732026143791,1
1110,0,7,0,0.09720972097209721,1
1909,0,10,0,0.03717277486910995,1
2609,0,0,6,0.03409961685823755,1
1590,0,0,1,0.09239472030169704,1
491,0,1,0,0.052845528455284556,1
702,0,5,0,0.30014224751066854,1
3527,0,3,1,0.04790249433106576,1
1375,0,3,4,0.0872093023255814,1
2413,0,3,2,0.05219552609776305,1
1454,0,1,0,0.1725085910652921,1
878,0,2,0,0.09783845278725825,1
1452,0,2,0,0.07501720578114246,1
1213,0,5,0,0.08649093904448106,1
1134,0,4,0,0.07753303964757709,1
711,0,6,0,0.08567415730337079,1
446,0,10,2,0.11409395973154363,1
537,0,3,0,0.03531598513011153,1
611,0,2,0,0.07679738562091504,1
1042,0,1,1,0.0862895493767977,1
1721,0,8,0,0.13472706155632985,1
441,0,3,0,0.15384615384615385,1
223,0,0,0,0.12946428571428573,1
658,0,6,0,0.08042488619119878,1
837,0,0,0,0.00477326968973747,1
1953,0,0,1,0.02661207778915046,1
8415,0,3,17,0.06345057034220532,1
221,0,2,0,0.08108108108108109,1
2813,0,2,0,0.03375977256574272,1
8425,0,3,17,0.0633752670306195,1
661,0,5,0,0.3549848942598187,1
913,0,2,2,0.10393873085339168,1
300,0,0,1,0.10631229235880399,1
1206,0,1,2,0.06213753106876554,1
2330,0,4,4,0.09094809094809095,1
388,0,3,0,0.056555269922879174,1
1276,0,12,0,0.1033672670321065,1
487,0,0,0,0.05122950819672131,1
1628,0,0,0,0.0423572744014733,1
278,0,0,0,0.05017921146953405,1
1430,0,2,0,0.07127882599580712,1
1690,0,8,0,0.1159077468953282,1
560,0,0,1,0.0766488413547237,1
532,0,0,0,0.07879924953095685,1
1188,0,1,2,0.0656013456686291,1
733,0,5,0,0.3405994550408719,1
16431,0,27,20,0.04466893865628043,1
457,0,9,0,0.11353711790393013,1
5981,0,8,6,0.06285523236375794,1
1274,0,12,2,0.1223529411764706,1
834,0,4,0,0.09700598802395209,1
1233,0,0,0,0.03241491085899514,1
3417,0,5,4,0.09186658864833236,1
756,0,6,1,0.07793923381770146,1
1260,0,1,1,0.126883425852498,1
326,0,6,0,0.07951070336391437,1
1327,0,6,0,0.0783132530120482,1
1831,0,2,0,0.06550218340611354,1
768,0,2,6,0.04681404421326398,1
1009,0,5,0,0.08811881188118811,1
362,0,0,1,0.027548209366391185,1
434,0,0,0,0.05057471264367816,1
3000,0,12,7,0.09496834388537154,1
501,0,6,0,0.09760956175298804,1
3095,0,5,87,0.08559431524547803,1
133,0,0,0,0.09701492537313433,1
3413,0,20,4,0.13503222026947861,1
630,0,0,0,0.09667194928684628,1
390,0,5,0,0.04603580562659847,1
934,0,1,0,0.2106951871657754,1
890,0,7,4,0.06734006734006734,1
655,0,5,0,0.35823170731707316,1
54,0,0,0,0.509090909090909,1
690,0,7,0,0.10998552821997105,1
1295,0,0,2,0.7623456790123457,1
1869,0,1,0,0.09786096256684491,1
289,0,4,0,0.06206896551724138,1
1098,0,3,0,0.12374886260236578,1
12035,0,0,12,0.03290129611166501,1
1174,0,4,0,0.07319148936170213,1
600,0,5,0,0.18635607321131448,1
582,0,4,0,0.11492281303602059,1
1721,0,9,4,0.08013937282229965,1
181,0,7,0,0.16483516483516483,1
788,0,6,0,0.17363751584283904,1
883,0,7,4,0.06334841628959276,1
526,0,1,3,0.10436432637571158,1
682,0,1,1,0.09663250366032211,1
781,0,4,0,0.08439897698209718,1
668,0,2,0,0.08968609865470852,1
2916,0,6,1,0.04765169694892012,1
16133,0,69,50,0.1048716995165489,1
2905,0,0,9,0.06572608396421198,1
184,0,0,0,0.06486486486486487,1
908,0,5,4,0.06930693069306931,1
134,0,0,0,0.0962962962962963,1
5504,0,0,17,0.07484105358764759,1
886,0,5,0,0.08568207440811725,1
1276,0,12,3,0.12059514487079091,1
754,0,0,2,0.14701986754966886,1
10893,0,77,27,0.07297595006425556,1
4123,0,1,1,0.02352085354025218,1
898,0,3,3,0.07897664071190211,1
421,0,3,2,0.13270142180094788,1
840,0,2,0,0.10107015457788347,1
845,0,1,0,0.06264775413711583,1
1112,0,8,0,0.0637915543575921,1
887,0,4,0,0.08671171171171171,1
2666,0,7,0,0.0509936257967754,1
374,0,3,0,0.072,1
906,0,1,0,0.05402425578831312,1
878,0,2,0,0.09783845278725825,1
655,0,3,0,0.10060975609756098,1
454,0,3,0,0.08131868131868132,1
144,0,1,0,0.0,1
1719,0,1,1,0.03953488372093023,1
2270,0,3,1,0.04975781594011449,1
502,0,1,0,0.05168986083499006,1
1843,0,5,0,0.0596529284164859,1
1497,0,4,0,0.015353805073431242,1
1087,0,0,1,0.7049632352941176,1
675,0,0,0,0.12721893491124261,1
682,0,5,0,0.3089311859443631,1
2388,0,3,1,0.05441607367099205,1
1446,0,0,2,0.04768486523842433,1
569,0,4,0,0.20701754385964913,1
3121,0,39,4,0.12235746316463805,1
658,0,1,0,0.11229135053110774,1
72,0,0,0,0.0410958904109589,1
580,0,4,2,0.14802065404475043,1
2668,0,1,0,0.07530910453353316,1
457,0,9,0,0.11353711790393013,1
27,0,0,0,0.14285714285714285,1
1926,0,1,0,0.029060716139076286,1
16523,0,33,161,0.11595255386105059,1
470,0,0,1,0.07643312101910828,1
1112,0,6,0,0.04582210242587601,1
288,0,1,0,0.031141868512110725,1
619,0,4,0,0.18548387096774194,1
1524,0,1,0,0.16327868852459015,1
1708,0,3,0,0.0901111761263897,1
696,0,5,0,0.3084648493543759,1
144,0,1,0,0.0,1
226,0,0,0,0.07488986784140969,1
1687,0,11,0,0.13329383886255924,1
1046,0,12,2,0.14995224450811842,1
696,0,2,0,0.13916786226685796,1
953,0,3,0,0.08280922431865828,1
508,0,1,0,0.068762278978389,1
586,0,4,2,0.15332197614991483,1
144,0,0,0,0.11724137931034483,1
13676,0,29,0,0.06543832711852014,1
493,0,1,0,0.048582995951417005,1
752,0,0,1,0.06640106241699867,1
894,0,7,4,0.07262569832402235,1
699,0,5,0,0.30714285714285716,1
363,0,2,0,0.1620879120879121,1
1193,0,5,5,0.07202680067001675,1
2999,0,10,0,0.165,1
211,0,5,0,0.41037735849056606,1
381,0,1,0,0.11780104712041885,1
3022,0,12,7,0.09526959973536223,1
842,0,0,1,0.11743772241992882,1
1153,0,5,0,0.16031195840554593,1
755,0,6,0,0.18121693121693122,1
664,0,6,0,0.04962406015037594,1
2272,0,3,1,0.049714034315882095,1
3931,0,0,9,0.1146998982706002,1
208,0,7,0,0.4449760765550239,1
721,0,1,0,0.038781163434903045,1
2617,0,5,0,0.08708938120702826,1
16357,0,27,20,0.044076292945347845,1
964,0,9,0,0.1927461139896373,1
895,0,7,4,0.07254464285714286,1
818,0,7,0,0.07448107448107448,1
588,0,2,0,0.0933786078098472,1
203,0,2,0,0.06372549019607843,1
390,0,5,0,0.04603580562659847,1
839,0,0,2,0.039285714285714285,1
1429,0,0,0,0.12517482517482517,1
1548,0,13,6,0.105229180116204,1
2001,0,3,2,0.06443556443556443,1
305,0,7,0,0.6078431372549019,1
418,0,3,2,0.13365155131264916,1
1315,0,0,0,0.028875379939209727,1
914,0,0,3,0.10273224043715846,1
651,0,14,0,0.13803680981595093,1
466,0,5,0,0.04925053533190578,1
1653,0,2,15,0.21160822249093109,1
2358,0,1,1,0.04917337855023315,1
659,0,5,0,0.3606060606060606,1
206,0,7,0,0.4396135265700483,1
424,0,0,0,0.07529411764705882,1
1087,0,16,2,0.10845588235294118,1
676,0,5,0,0.3515509601181684,1
1596,0,0,0,0.036944270507201005,1
587,0,2,0,0.04591836734693878,1
454,0,3,0,0.08131868131868132,1
2588,0,9,9,0.07647740440324449,1
1050,0,10,0,0.0780209324452902,1
334,0,2,0,0.17313432835820897,1
1826,0,2,0,0.052545155993431854,1
3333,0,0,24,0.03479304139172166,1
1430,0,3,0,0.1013277428371768,1
17696,0,13,23,0.04949991523987116,1
1931,0,4,0,0.015010351966873706,1
429,0,0,0,0.08604651162790698,1
1731,0,2,0,0.050808314087759814,1
1004,0,12,2,0.06567164179104477,1
2150,0,0,0,0.027429102742910275,1
448,0,6,0,0.18485523385300667,1
385,0,10,3,0.3601036269430052,1
1151,0,0,0,0.026041666666666668,1
3028,0,1,2,0.0468801584681413,1
618,0,3,3,0.05815831987075929,1
713,0,2,0,0.11204481792717087,1
1330,0,1,5,0.08039068369646882,1
313,0,1,1,0.19745222929936307,1
1198,0,0,0,0.07673060884070058,1
1963,0,0,2,0.12067209775967414,1
318,0,2,0,0.06269592476489028,1
1982,0,10,2,0.06908724155320221,1
1973,0,6,8,0.08611955420466058,1
2124,0,2,0,0.03388235294117647,1
23333,0,54,80,0.057341218822319365,1
2347,0,0,1,0.054088586030664396,1
113399,0,0,0,0.0,1
